﻿2018-01-01,Alabama,4
2018-01-01,Alaska,6.3
2018-01-01,Arizona,4.8
2018-01-01,Arkansas,3.8
2018-01-01,California,4.4
2018-01-01,Colorado,2.8
2018-01-01,Connecticut,4.2
2018-01-01,Delaware,4.2
2018-01-01,District of Columbia,5.9
2018-01-01,Florida,4
2018-01-01,Georgia,4.3
2018-01-01,Hawaii,2.1
2018-01-01,Idaho,3
2018-01-01,Illinois,4.5
2018-01-01,Indiana,3.3
2018-01-01,Iowa,2.7
2018-01-01,Kansas,3.4
2018-01-01,Kentucky,4.2
2018-01-01,Louisiana,4.7
2018-01-01,Maine,3
2018-01-01,Maryland,3.9
2018-01-01,Massachusetts,3.7
2018-01-01,Michigan,4.5
2018-01-01,Minnesota,3.2
2018-01-01,Mississippi,4.9
2018-01-01,Missouri,3.5
2018-01-01,Montana,3.9
2018-01-01,Nebraska,2.9
2018-01-01,Nevada,4.9
2018-01-01,New Hampshire,2.7
2018-01-01,New Jersey,4.4
2018-01-01,New Mexico,5.2
2018-01-01,New York,4.5
2018-01-01,North Carolina,4.2
2018-01-01,North Dakota,2.6
2018-01-01,Ohio,4.6
2018-01-01,Oklahoma,3.7
2018-01-01,Oregon,4.1
2018-01-01,Pennsylvania,4.8
2018-01-01,Rhode Island,4.5
2018-01-01,South Carolina,3.9
2018-01-01,South Dakota,2.9
2018-01-01,Tennessee,3.5
2018-01-01,Texas,4.1
2018-01-01,Utah,3
2018-01-01,Vermont,3
2018-01-01,Virginia,3.3
2018-01-01,Washington,4.6
2018-01-01,West Virginia,5.4
2018-01-01,Wisconsin,2.9
2018-01-01,Wyoming,4.2
2018-01-01,Puerto Rico,10.4
2018-02-01,Alabama,4
2018-02-01,Alaska,6.2
2018-02-01,Arizona,4.8
2018-02-01,Arkansas,3.7
2018-02-01,California,4.3
2018-02-01,Colorado,2.9
2018-02-01,Connecticut,4.2
2018-02-01,Delaware,4.1
2018-02-01,District of Columbia,5.9
2018-02-01,Florida,3.9
2018-02-01,Georgia,4.3
2018-02-01,Hawaii,2.2
2018-02-01,Idaho,2.9
2018-02-01,Illinois,4.4
2018-02-01,Indiana,3.3
2018-02-01,Iowa,2.7
2018-02-01,Kansas,3.3
2018-02-01,Kentucky,4.2
2018-02-01,Louisiana,4.8
2018-02-01,Maine,3
2018-02-01,Maryland,3.8
2018-02-01,Massachusetts,3.6
2018-02-01,Michigan,4.4
2018-02-01,Minnesota,3.2
2018-02-01,Mississippi,4.9
2018-02-01,Missouri,3.4
2018-02-01,Montana,3.9
2018-02-01,Nebraska,2.9
2018-02-01,Nevada,4.8
2018-02-01,New Hampshire,2.7
2018-02-01,New Jersey,4.3
2018-02-01,New Mexico,5.1
2018-02-01,New York,4.4
2018-02-01,North Carolina,4.1
2018-02-01,North Dakota,2.6
2018-02-01,Ohio,4.5
2018-02-01,Oklahoma,3.6
2018-02-01,Oregon,4
2018-02-01,Pennsylvania,4.7
2018-02-01,Rhode Island,4.3
2018-02-01,South Carolina,3.7
2018-02-01,South Dakota,2.9
2018-02-01,Tennessee,3.5
2018-02-01,Texas,4
2018-02-01,Utah,3
2018-02-01,Vermont,2.9
2018-02-01,Virginia,3.2
2018-02-01,Washington,4.5
2018-02-01,West Virginia,5.4
2018-02-01,Wisconsin,2.9
2018-02-01,Wyoming,4.1
2018-02-01,Puerto Rico,10.2
2018-03-01,Alabama,4
2018-03-01,Alaska,6.1
2018-03-01,Arizona,4.7
2018-03-01,Arkansas,3.7
2018-03-01,California,4.3
2018-03-01,Colorado,2.9
2018-03-01,Connecticut,4.1
2018-03-01,Delaware,4
2018-03-01,District of Columbia,5.8
2018-03-01,Florida,3.9
2018-03-01,Georgia,4.2
2018-03-01,Hawaii,2.3
2018-03-01,Idaho,2.9
2018-03-01,Illinois,4.4
2018-03-01,Indiana,3.3
2018-03-01,Iowa,2.6
2018-03-01,Kansas,3.3
2018-03-01,Kentucky,4.2
2018-03-01,Louisiana,4.8
2018-03-01,Maine,2.9
2018-03-01,Maryland,3.7
2018-03-01,Massachusetts,3.6
2018-03-01,Michigan,4.3
2018-03-01,Minnesota,3.1
2018-03-01,Mississippi,4.9
2018-03-01,Missouri,3.3
2018-03-01,Montana,3.8
2018-03-01,Nebraska,2.9
2018-03-01,Nevada,4.7
2018-03-01,New Hampshire,2.7
2018-03-01,New Jersey,4.2
2018-03-01,New Mexico,5
2018-03-01,New York,4.3
2018-03-01,North Carolina,4
2018-03-01,North Dakota,2.5
2018-03-01,Ohio,4.5
2018-03-01,Oklahoma,3.5
2018-03-01,Oregon,4
2018-03-01,Pennsylvania,4.6
2018-03-01,Rhode Island,4.2
2018-03-01,South Carolina,3.5
2018-03-01,South Dakota,2.9
2018-03-01,Tennessee,3.5
2018-03-01,Texas,4
2018-03-01,Utah,3
2018-03-01,Vermont,2.9
2018-03-01,Virginia,3.1
2018-03-01,Washington,4.5
2018-03-01,West Virginia,5.4
2018-03-01,Wisconsin,2.9
2018-03-01,Wyoming,4
2018-03-01,Puerto Rico,9.9
2018-04-01,Alabama,4
2018-04-01,Alaska,6
2018-04-01,Arizona,4.7
2018-04-01,Arkansas,3.6
2018-04-01,California,4.2
2018-04-01,Colorado,2.9
2018-04-01,Connecticut,4
2018-04-01,Delaware,3.9
2018-04-01,District of Columbia,5.8
2018-04-01,Florida,3.8
2018-04-01,Georgia,4.1
2018-04-01,Hawaii,2.4
2018-04-01,Idaho,2.8
2018-04-01,Illinois,4.3
2018-04-01,Indiana,3.3
2018-04-01,Iowa,2.5
2018-04-01,Kansas,3.3
2018-04-01,Kentucky,4.2
2018-04-01,Louisiana,4.9
2018-04-01,Maine,3
2018-04-01,Maryland,3.6
2018-04-01,Massachusetts,3.5
2018-04-01,Michigan,4.1
2018-04-01,Minnesota,3.1
2018-04-01,Mississippi,4.9
2018-04-01,Missouri,3.2
2018-04-01,Montana,3.8
2018-04-01,Nebraska,2.8
2018-04-01,Nevada,4.5
2018-04-01,New Hampshire,2.7
2018-04-01,New Jersey,4.2
2018-04-01,New Mexico,4.9
2018-04-01,New York,4.2
2018-04-01,North Carolina,4
2018-04-01,North Dakota,2.5
2018-04-01,Ohio,4.5
2018-04-01,Oklahoma,3.4
2018-04-01,Oregon,3.9
2018-04-01,Pennsylvania,4.5
2018-04-01,Rhode Island,4.1
2018-04-01,South Carolina,3.3
2018-04-01,South Dakota,2.8
2018-04-01,Tennessee,3.5
2018-04-01,Texas,4
2018-04-01,Utah,3
2018-04-01,Vermont,2.8
2018-04-01,Virginia,3
2018-04-01,Washington,4.4
2018-04-01,West Virginia,5.3
2018-04-01,Wisconsin,3
2018-04-01,Wyoming,4
2018-04-01,Puerto Rico,9.7
2018-05-01,Alabama,3.9
2018-05-01,Alaska,5.9
2018-05-01,Arizona,4.7
2018-05-01,Arkansas,3.6
2018-05-01,California,4.2
2018-05-01,Colorado,3
2018-05-01,Connecticut,4
2018-05-01,Delaware,3.8
2018-05-01,District of Columbia,5.7
2018-05-01,Florida,3.7
2018-05-01,Georgia,4
2018-05-01,Hawaii,2.4
2018-05-01,Idaho,2.8
2018-05-01,Illinois,4.3
2018-05-01,Indiana,3.4
2018-05-01,Iowa,2.5
2018-05-01,Kansas,3.2
2018-05-01,Kentucky,4.2
2018-05-01,Louisiana,4.9
2018-05-01,Maine,3
2018-05-01,Maryland,3.6
2018-05-01,Massachusetts,3.5
2018-05-01,Michigan,4.1
2018-05-01,Minnesota,3
2018-05-01,Mississippi,4.9
2018-05-01,Missouri,3.1
2018-05-01,Montana,3.8
2018-05-01,Nebraska,2.8
2018-05-01,Nevada,4.3
2018-05-01,New Hampshire,2.7
2018-05-01,New Jersey,4.1
2018-05-01,New Mexico,4.8
2018-05-01,New York,4.1
2018-05-01,North Carolina,3.9
2018-05-01,North Dakota,2.4
2018-05-01,Ohio,4.5
2018-05-01,Oklahoma,3.3
2018-05-01,Oregon,3.9
2018-05-01,Pennsylvania,4.4
2018-05-01,Rhode Island,4
2018-05-01,South Carolina,3.3
2018-05-01,South Dakota,2.8
2018-05-01,Tennessee,3.5
2018-05-01,Texas,3.9
2018-05-01,Utah,2.9
2018-05-01,Vermont,2.7
2018-05-01,Virginia,2.9
2018-05-01,Washington,4.4
2018-05-01,West Virginia,5.2
2018-05-01,Wisconsin,3
2018-05-01,Wyoming,4
2018-05-01,Puerto Rico,9.5
2018-06-01,Alabama,3.9
2018-06-01,Alaska,5.9
2018-06-01,Arizona,4.7
2018-06-01,Arkansas,3.6
2018-06-01,California,4.2
2018-06-01,Colorado,3.1
2018-06-01,Connecticut,3.9
2018-06-01,Delaware,3.7
2018-06-01,District of Columbia,5.6
2018-06-01,Florida,3.7
2018-06-01,Georgia,4
2018-06-01,Hawaii,2.4
2018-06-01,Idaho,2.8
2018-06-01,Illinois,4.2
2018-06-01,Indiana,3.4
2018-06-01,Iowa,2.4
2018-06-01,Kansas,3.2
2018-06-01,Kentucky,4.2
2018-06-01,Louisiana,4.9
2018-06-01,Maine,3.1
2018-06-01,Maryland,3.6
2018-06-01,Massachusetts,3.5
2018-06-01,Michigan,4
2018-06-01,Minnesota,3
2018-06-01,Mississippi,4.9
2018-06-01,Missouri,3
2018-06-01,Montana,3.7
2018-06-01,Nebraska,2.8
2018-06-01,Nevada,4.2
2018-06-01,New Hampshire,2.6
2018-06-01,New Jersey,4
2018-06-01,New Mexico,4.7
2018-06-01,New York,4
2018-06-01,North Carolina,3.9
2018-06-01,North Dakota,2.3
2018-06-01,Ohio,4.5
2018-06-01,Oklahoma,3.2
2018-06-01,Oregon,3.9
2018-06-01,Pennsylvania,4.4
2018-06-01,Rhode Island,4
2018-06-01,South Carolina,3.3
2018-06-01,South Dakota,2.8
2018-06-01,Tennessee,3.5
2018-06-01,Texas,3.9
2018-06-01,Utah,2.9
2018-06-01,Vermont,2.6
2018-06-01,Virginia,2.8
2018-06-01,Washington,4.3
2018-06-01,West Virginia,5.2
2018-06-01,Wisconsin,3
2018-06-01,Wyoming,4
2018-06-01,Puerto Rico,9.2
2018-07-01,Alabama,3.9
2018-07-01,Alaska,5.9
2018-07-01,Arizona,4.7
2018-07-01,Arkansas,3.5
2018-07-01,California,4.2
2018-07-01,Colorado,3.1
2018-07-01,Connecticut,3.9
2018-07-01,Delaware,3.7
2018-07-01,District of Columbia,5.4
2018-07-01,Florida,3.6
2018-07-01,Georgia,3.9
2018-07-01,Hawaii,2.4
2018-07-01,Idaho,2.8
2018-07-01,Illinois,4.3
2018-07-01,Indiana,3.4
2018-07-01,Iowa,2.4
2018-07-01,Kansas,3.2
2018-07-01,Kentucky,4.2
2018-07-01,Louisiana,4.8
2018-07-01,Maine,3.2
2018-07-01,Maryland,3.6
2018-07-01,Massachusetts,3.4
2018-07-01,Michigan,4
2018-07-01,Minnesota,3
2018-07-01,Mississippi,4.8
2018-07-01,Missouri,3
2018-07-01,Montana,3.7
2018-07-01,Nebraska,2.9
2018-07-01,Nevada,4
2018-07-01,New Hampshire,2.6
2018-07-01,New Jersey,4
2018-07-01,New Mexico,4.7
2018-07-01,New York,4
2018-07-01,North Carolina,3.9
2018-07-01,North Dakota,2.2
2018-07-01,Ohio,4.5
2018-07-01,Oklahoma,3.1
2018-07-01,Oregon,3.9
2018-07-01,Pennsylvania,4.3
2018-07-01,Rhode Island,3.9
2018-07-01,South Carolina,3.3
2018-07-01,South Dakota,2.7
2018-07-01,Tennessee,3.5
2018-07-01,Texas,3.9
2018-07-01,Utah,2.9
2018-07-01,Vermont,2.6
2018-07-01,Virginia,2.8
2018-07-01,Washington,4.3
2018-07-01,West Virginia,5.1
2018-07-01,Wisconsin,3
2018-07-01,Wyoming,4.1
2018-07-01,Puerto Rico,9
2018-08-01,Alabama,3.9
2018-08-01,Alaska,5.8
2018-08-01,Arizona,4.8
2018-08-01,Arkansas,3.5
2018-08-01,California,4.2
2018-08-01,Colorado,3.1
2018-08-01,Connecticut,3.8
2018-08-01,Delaware,3.6
2018-08-01,District of Columbia,5.4
2018-08-01,Florida,3.6
2018-08-01,Georgia,3.9
2018-08-01,Hawaii,2.3
2018-08-01,Idaho,2.9
2018-08-01,Illinois,4.3
2018-08-01,Indiana,3.5
2018-08-01,Iowa,2.5
2018-08-01,Kansas,3.2
2018-08-01,Kentucky,4.2
2018-08-01,Louisiana,4.8
2018-08-01,Maine,3.2
2018-08-01,Maryland,3.6
2018-08-01,Massachusetts,3.4
2018-08-01,Michigan,4.1
2018-08-01,Minnesota,3
2018-08-01,Mississippi,4.9
2018-08-01,Missouri,3
2018-08-01,Montana,3.7
2018-08-01,Nebraska,2.9
2018-08-01,Nevada,4
2018-08-01,New Hampshire,2.6
2018-08-01,New Jersey,3.9
2018-08-01,New Mexico,4.7
2018-08-01,New York,3.9
2018-08-01,North Carolina,4
2018-08-01,North Dakota,2.2
2018-08-01,Ohio,4.4
2018-08-01,Oklahoma,3.1
2018-08-01,Oregon,4
2018-08-01,Pennsylvania,4.3
2018-08-01,Rhode Island,4
2018-08-01,South Carolina,3.3
2018-08-01,South Dakota,2.7
2018-08-01,Tennessee,3.5
2018-08-01,Texas,3.8
2018-08-01,Utah,2.9
2018-08-01,Vermont,2.5
2018-08-01,Virginia,2.7
2018-08-01,Washington,4.3
2018-08-01,West Virginia,5
2018-08-01,Wisconsin,3
2018-08-01,Wyoming,4.1
2018-08-01,Puerto Rico,8.7
2018-09-01,Alabama,3.9
2018-09-01,Alaska,5.8
2018-09-01,Arizona,4.9
2018-09-01,Arkansas,3.6
2018-09-01,California,4.2
2018-09-01,Colorado,3.1
2018-09-01,Connecticut,3.8
2018-09-01,Delaware,3.6
2018-09-01,District of Columbia,5.4
2018-09-01,Florida,3.5
2018-09-01,Georgia,3.9
2018-09-01,Hawaii,2.3
2018-09-01,Idaho,2.9
2018-09-01,Illinois,4.4
2018-09-01,Indiana,3.5
2018-09-01,Iowa,2.5
2018-09-01,Kansas,3.3
2018-09-01,Kentucky,4.2
2018-09-01,Louisiana,4.8
2018-09-01,Maine,3.3
2018-09-01,Maryland,3.7
2018-09-01,Massachusetts,3.3
2018-09-01,Michigan,4.1
2018-09-01,Minnesota,3.1
2018-09-01,Mississippi,4.9
2018-09-01,Missouri,3
2018-09-01,Montana,3.7
2018-09-01,Nebraska,3
2018-09-01,Nevada,4.1
2018-09-01,New Hampshire,2.6
2018-09-01,New Jersey,3.8
2018-09-01,New Mexico,4.8
2018-09-01,New York,3.9
2018-09-01,North Carolina,4
2018-09-01,North Dakota,2.2
2018-09-01,Ohio,4.5
2018-09-01,Oklahoma,3.1
2018-09-01,Oregon,4.1
2018-09-01,Pennsylvania,4.3
2018-09-01,Rhode Island,4
2018-09-01,South Carolina,3.3
2018-09-01,South Dakota,2.7
2018-09-01,Tennessee,3.5
2018-09-01,Texas,3.8
2018-09-01,Utah,2.9
2018-09-01,Vermont,2.4
2018-09-01,Virginia,2.8
2018-09-01,Washington,4.4
2018-09-01,West Virginia,5
2018-09-01,Wisconsin,3
2018-09-01,Wyoming,4.1
2018-09-01,Puerto Rico,8.5
2018-10-01,Alabama,3.9
2018-10-01,Alaska,5.9
2018-10-01,Arizona,4.9
2018-10-01,Arkansas,3.6
2018-10-01,California,4.3
2018-10-01,Colorado,3.1
2018-10-01,Connecticut,3.8
2018-10-01,Delaware,3.5
2018-10-01,District of Columbia,5.5
2018-10-01,Florida,3.5
2018-10-01,Georgia,3.9
2018-10-01,Hawaii,2.4
2018-10-01,Idaho,3
2018-10-01,Illinois,4.4
2018-10-01,Indiana,3.5
2018-10-01,Iowa,2.5
2018-10-01,Kansas,3.3
2018-10-01,Kentucky,4.2
2018-10-01,Louisiana,4.8
2018-10-01,Maine,3.3
2018-10-01,Maryland,3.7
2018-10-01,Massachusetts,3.3
2018-10-01,Michigan,4.2
2018-10-01,Minnesota,3.2
2018-10-01,Mississippi,5.1
2018-10-01,Missouri,3.1
2018-10-01,Montana,3.7
2018-10-01,Nebraska,3
2018-10-01,Nevada,4.2
2018-10-01,New Hampshire,2.6
2018-10-01,New Jersey,3.7
2018-10-01,New Mexico,4.9
2018-10-01,New York,3.9
2018-10-01,North Carolina,4.1
2018-10-01,North Dakota,2.3
2018-10-01,Ohio,4.5
2018-10-01,Oklahoma,3.1
2018-10-01,Oregon,4.2
2018-10-01,Pennsylvania,4.3
2018-10-01,Rhode Island,4
2018-10-01,South Carolina,3.3
2018-10-01,South Dakota,2.7
2018-10-01,Tennessee,3.5
2018-10-01,Texas,3.8
2018-10-01,Utah,2.9
2018-10-01,Vermont,2.4
2018-10-01,Virginia,2.9
2018-10-01,Washington,4.5
2018-10-01,West Virginia,5
2018-10-01,Wisconsin,3
2018-10-01,Wyoming,4.1
2018-10-01,Puerto Rico,8.3
2018-11-01,Alabama,3.8
2018-11-01,Alaska,5.9
2018-11-01,Arizona,5
2018-11-01,Arkansas,3.7
2018-11-01,California,4.3
2018-11-01,Colorado,3.1
2018-11-01,Connecticut,3.8
2018-11-01,Delaware,3.6
2018-11-01,District of Columbia,5.7
2018-11-01,Florida,3.6
2018-11-01,Georgia,3.9
2018-11-01,Hawaii,2.5
2018-11-01,Idaho,3
2018-11-01,Illinois,4.5
2018-11-01,Indiana,3.5
2018-11-01,Iowa,2.5
2018-11-01,Kansas,3.3
2018-11-01,Kentucky,4.2
2018-11-01,Louisiana,4.8
2018-11-01,Maine,3.2
2018-11-01,Maryland,3.6
2018-11-01,Massachusetts,3.3
2018-11-01,Michigan,4.2
2018-11-01,Minnesota,3.4
2018-11-01,Mississippi,5.2
2018-11-01,Missouri,3.1
2018-11-01,Montana,3.7
2018-11-01,Nebraska,3
2018-11-01,Nevada,4.3
2018-11-01,New Hampshire,2.6
2018-11-01,New Jersey,3.6
2018-11-01,New Mexico,5
2018-11-01,New York,4
2018-11-01,North Carolina,4.1
2018-11-01,North Dakota,2.3
2018-11-01,Ohio,4.5
2018-11-01,Oklahoma,3.2
2018-11-01,Oregon,4.2
2018-11-01,Pennsylvania,4.4
2018-11-01,Rhode Island,4
2018-11-01,South Carolina,3.3
2018-11-01,South Dakota,2.8
2018-11-01,Tennessee,3.5
2018-11-01,Texas,3.8
2018-11-01,Utah,2.9
2018-11-01,Vermont,2.3
2018-11-01,Virginia,2.9
2018-11-01,Washington,4.6
2018-11-01,West Virginia,5.1
2018-11-01,Wisconsin,3
2018-11-01,Wyoming,4
2018-11-01,Puerto Rico,8.3
2018-12-01,Alabama,3.8
2018-12-01,Alaska,5.9
2018-12-01,Arizona,5
2018-12-01,Arkansas,3.7
2018-12-01,California,4.3
2018-12-01,Colorado,3
2018-12-01,Connecticut,3.7
2018-12-01,Delaware,3.6
2018-12-01,District of Columbia,5.8
2018-12-01,Florida,3.6
2018-12-01,Georgia,3.9
2018-12-01,Hawaii,2.6
2018-12-01,Idaho,3
2018-12-01,Illinois,4.5
2018-12-01,Indiana,3.5
2018-12-01,Iowa,2.5
2018-12-01,Kansas,3.3
2018-12-01,Kentucky,4.2
2018-12-01,Louisiana,4.8
2018-12-01,Maine,3.1
2018-12-01,Maryland,3.6
2018-12-01,Massachusetts,3.3
2018-12-01,Michigan,4.2
2018-12-01,Minnesota,3.4
2018-12-01,Mississippi,5.3
2018-12-01,Missouri,3.2
2018-12-01,Montana,3.6
2018-12-01,Nebraska,3
2018-12-01,Nevada,4.5
2018-12-01,New Hampshire,2.6
2018-12-01,New Jersey,3.6
2018-12-01,New Mexico,5.1
2018-12-01,New York,4
2018-12-01,North Carolina,4
2018-12-01,North Dakota,2.3
2018-12-01,Ohio,4.5
2018-12-01,Oklahoma,3.2
2018-12-01,Oregon,4.2
2018-12-01,Pennsylvania,4.4
2018-12-01,Rhode Island,3.9
2018-12-01,South Carolina,3.3
2018-12-01,South Dakota,2.8
2018-12-01,Tennessee,3.5
2018-12-01,Texas,3.8
2018-12-01,Utah,2.8
2018-12-01,Vermont,2.3
2018-12-01,Virginia,3
2018-12-01,Washington,4.6
2018-12-01,West Virginia,5.1
2018-12-01,Wisconsin,3
2018-12-01,Wyoming,3.9
2018-12-01,Puerto Rico,8.4
2019-01-01,Alabama,3.7
2019-01-01,Alaska,5.8
2019-01-01,Arizona,5
2019-01-01,Arkansas,3.6
2019-01-01,California,4.3
2019-01-01,Colorado,2.9
2019-01-01,Connecticut,3.7
2019-01-01,Delaware,3.6
2019-01-01,District of Columbia,5.9
2019-01-01,Florida,3.5
2019-01-01,Georgia,3.9
2019-01-01,Hawaii,2.7
2019-01-01,Idaho,3
2019-01-01,Illinois,4.5
2019-01-01,Indiana,3.5
2019-01-01,Iowa,2.5
2019-01-01,Kansas,3.3
2019-01-01,Kentucky,4.2
2019-01-01,Louisiana,4.8
2019-01-01,Maine,3
2019-01-01,Maryland,3.5
2019-01-01,Massachusetts,3.2
2019-01-01,Michigan,4.2
2019-01-01,Minnesota,3.4
2019-01-01,Mississippi,5.3
2019-01-01,Missouri,3.2
2019-01-01,Montana,3.6
2019-01-01,Nebraska,3
2019-01-01,Nevada,4.5
2019-01-01,New Hampshire,2.6
2019-01-01,New Jersey,3.5
2019-01-01,New Mexico,5.2
2019-01-01,New York,3.9
2019-01-01,North Carolina,3.9
2019-01-01,North Dakota,2.3
2019-01-01,Ohio,4.4
2019-01-01,Oklahoma,3.2
2019-01-01,Oregon,4.2
2019-01-01,Pennsylvania,4.4
2019-01-01,Rhode Island,3.8
2019-01-01,South Carolina,3.2
2019-01-01,South Dakota,2.8
2019-01-01,Tennessee,3.5
2019-01-01,Texas,3.7
2019-01-01,Utah,2.8
2019-01-01,Vermont,2.2
2019-01-01,Virginia,3
2019-01-01,Washington,4.7
2019-01-01,West Virginia,5
2019-01-01,Wisconsin,3
2019-01-01,Wyoming,3.7
2019-01-01,Puerto Rico,8.6
2019-02-01,Alabama,3.6
2019-02-01,Alaska,5.7
2019-02-01,Arizona,4.9
2019-02-01,Arkansas,3.5
2019-02-01,California,4.2
2019-02-01,Colorado,2.8
2019-02-01,Connecticut,3.6
2019-02-01,Delaware,3.6
2019-02-01,District of Columbia,5.9
2019-02-01,Florida,3.5
2019-02-01,Georgia,3.8
2019-02-01,Hawaii,2.8
2019-02-01,Idaho,3
2019-02-01,Illinois,4.5
2019-02-01,Indiana,3.4
2019-02-01,Iowa,2.5
2019-02-01,Kansas,3.2
2019-02-01,Kentucky,4.1
2019-02-01,Louisiana,4.7
2019-02-01,Maine,2.9
2019-02-01,Maryland,3.3
2019-02-01,Massachusetts,3.2
2019-02-01,Michigan,4.2
2019-02-01,Minnesota,3.4
2019-02-01,Mississippi,5.3
2019-02-01,Missouri,3.2
2019-02-01,Montana,3.5
2019-02-01,Nebraska,3
2019-02-01,Nevada,4.5
2019-02-01,New Hampshire,2.6
2019-02-01,New Jersey,3.4
2019-02-01,New Mexico,5.2
2019-02-01,New York,3.9
2019-02-01,North Carolina,3.9
2019-02-01,North Dakota,2.3
2019-02-01,Ohio,4.2
2019-02-01,Oklahoma,3.1
2019-02-01,Oregon,4
2019-02-01,Pennsylvania,4.4
2019-02-01,Rhode Island,3.6
2019-02-01,South Carolina,3.2
2019-02-01,South Dakota,2.8
2019-02-01,Tennessee,3.4
2019-02-01,Texas,3.6
2019-02-01,Utah,2.7
2019-02-01,Vermont,2.2
2019-02-01,Virginia,3
2019-02-01,Washington,4.6
2019-02-01,West Virginia,4.9
2019-02-01,Wisconsin,3
2019-02-01,Wyoming,3.5
2019-02-01,Puerto Rico,8.7
2019-03-01,Alabama,3.4
2019-03-01,Alaska,5.6
2019-03-01,Arizona,4.9
2019-03-01,Arkansas,3.4
2019-03-01,California,4.2
2019-03-01,Colorado,2.7
2019-03-01,Connecticut,3.6
2019-03-01,Delaware,3.6
2019-03-01,District of Columbia,5.8
2019-03-01,Florida,3.4
2019-03-01,Georgia,3.7
2019-03-01,Hawaii,2.9
2019-03-01,Idaho,2.9
2019-03-01,Illinois,4.3
2019-03-01,Indiana,3.3
2019-03-01,Iowa,2.5
2019-03-01,Kansas,3.1
2019-03-01,Kentucky,4.1
2019-03-01,Louisiana,4.5
2019-03-01,Maine,2.7
2019-03-01,Maryland,3.2
2019-03-01,Massachusetts,3.1
2019-03-01,Michigan,4.1
2019-03-01,Minnesota,3.4
2019-03-01,Mississippi,5.3
2019-03-01,Missouri,3.1
2019-03-01,Montana,3.5
2019-03-01,Nebraska,3
2019-03-01,Nevada,4.4
2019-03-01,New Hampshire,2.5
2019-03-01,New Jersey,3.3
2019-03-01,New Mexico,5.1
2019-03-01,New York,3.8
2019-03-01,North Carolina,3.8
2019-03-01,North Dakota,2.2
2019-03-01,Ohio,4.1
2019-03-01,Oklahoma,3.1
2019-03-01,Oregon,3.9
2019-03-01,Pennsylvania,4.4
2019-03-01,Rhode Island,3.5
2019-03-01,South Carolina,3.2
2019-03-01,South Dakota,2.8
2019-03-01,Tennessee,3.4
2019-03-01,Texas,3.5
2019-03-01,Utah,2.7
2019-03-01,Vermont,2.1
2019-03-01,Virginia,3
2019-03-01,Washington,4.6
2019-03-01,West Virginia,4.8
2019-03-01,Wisconsin,3.1
2019-03-01,Wyoming,3.4
2019-03-01,Puerto Rico,8.6
2019-04-01,Alabama,3.2
2019-04-01,Alaska,5.5
2019-04-01,Arizona,4.8
2019-04-01,Arkansas,3.4
2019-04-01,California,4.1
2019-04-01,Colorado,2.6
2019-04-01,Connecticut,3.5
2019-04-01,Delaware,3.6
2019-04-01,District of Columbia,5.6
2019-04-01,Florida,3.4
2019-04-01,Georgia,3.7
2019-04-01,Hawaii,2.9
2019-04-01,Idaho,2.9
2019-04-01,Illinois,4.1
2019-04-01,Indiana,3.2
2019-04-01,Iowa,2.5
2019-04-01,Kansas,3.1
2019-04-01,Kentucky,4.1
2019-04-01,Louisiana,4.4
2019-04-01,Maine,2.6
2019-04-01,Maryland,3.1
2019-04-01,Massachusetts,3.1
2019-04-01,Michigan,4.1
2019-04-01,Minnesota,3.3
2019-04-01,Mississippi,5.3
2019-04-01,Missouri,3
2019-04-01,Montana,3.5
2019-04-01,Nebraska,2.9
2019-04-01,Nevada,4.2
2019-04-01,New Hampshire,2.5
2019-04-01,New Jersey,3.2
2019-04-01,New Mexico,5
2019-04-01,New York,3.7
2019-04-01,North Carolina,3.7
2019-04-01,North Dakota,2.2
2019-04-01,Ohio,4
2019-04-01,Oklahoma,3
2019-04-01,Oregon,3.8
2019-04-01,Pennsylvania,4.4
2019-04-01,Rhode Island,3.4
2019-04-01,South Carolina,3.1
2019-04-01,South Dakota,2.8
2019-04-01,Tennessee,3.4
2019-04-01,Texas,3.5
2019-04-01,Utah,2.6
2019-04-01,Vermont,2.1
2019-04-01,Virginia,2.8
2019-04-01,Washington,4.5
2019-04-01,West Virginia,4.8
2019-04-01,Wisconsin,3.1
2019-04-01,Wyoming,3.3
2019-04-01,Puerto Rico,8.4
2019-05-01,Alabama,3.1
2019-05-01,Alaska,5.5
2019-05-01,Arizona,4.8
2019-05-01,Arkansas,3.4
2019-05-01,California,4.1
2019-05-01,Colorado,2.5
2019-05-01,Connecticut,3.5
2019-05-01,Delaware,3.7
2019-05-01,District of Columbia,5.4
2019-05-01,Florida,3.3
2019-05-01,Georgia,3.6
2019-05-01,Hawaii,2.8
2019-05-01,Idaho,2.9
2019-05-01,Illinois,4
2019-05-01,Indiana,3.2
2019-05-01,Iowa,2.5
2019-05-01,Kansas,3.1
2019-05-01,Kentucky,4.1
2019-05-01,Louisiana,4.3
2019-05-01,Maine,2.6
2019-05-01,Maryland,3.1
2019-05-01,Massachusetts,3.1
2019-05-01,Michigan,4.1
2019-05-01,Minnesota,3.3
2019-05-01,Mississippi,5.4
2019-05-01,Missouri,2.9
2019-05-01,Montana,3.5
2019-05-01,Nebraska,2.9
2019-05-01,Nevada,3.9
2019-05-01,New Hampshire,2.5
2019-05-01,New Jersey,3.2
2019-05-01,New Mexico,4.9
2019-05-01,New York,3.7
2019-05-01,North Carolina,3.8
2019-05-01,North Dakota,2.1
2019-05-01,Ohio,3.9
2019-05-01,Oklahoma,3
2019-05-01,Oregon,3.8
2019-05-01,Pennsylvania,4.3
2019-05-01,Rhode Island,3.4
2019-05-01,South Carolina,2.9
2019-05-01,South Dakota,2.8
2019-05-01,Tennessee,3.3
2019-05-01,Texas,3.4
2019-05-01,Utah,2.6
2019-05-01,Vermont,2.1
2019-05-01,Virginia,2.7
2019-05-01,Washington,4.3
2019-05-01,West Virginia,4.7
2019-05-01,Wisconsin,3.2
2019-05-01,Wyoming,3.4
2019-05-01,Puerto Rico,8.1
2019-06-01,Alabama,2.9
2019-06-01,Alaska,5.5
2019-06-01,Arizona,4.8
2019-06-01,Arkansas,3.4
2019-06-01,California,4
2019-06-01,Colorado,2.5
2019-06-01,Connecticut,3.5
2019-06-01,Delaware,3.7
2019-06-01,District of Columbia,5.3
2019-06-01,Florida,3.3
2019-06-01,Georgia,3.6
2019-06-01,Hawaii,2.6
2019-06-01,Idaho,2.9
2019-06-01,Illinois,3.8
2019-06-01,Indiana,3.2
2019-06-01,Iowa,2.6
2019-06-01,Kansas,3.1
2019-06-01,Kentucky,4.1
2019-06-01,Louisiana,4.3
2019-06-01,Maine,2.6
2019-06-01,Maryland,3.2
2019-06-01,Massachusetts,3
2019-06-01,Michigan,4.2
2019-06-01,Minnesota,3.3
2019-06-01,Mississippi,5.4
2019-06-01,Missouri,2.9
2019-06-01,Montana,3.5
2019-06-01,Nebraska,3
2019-06-01,Nevada,3.7
2019-06-01,New Hampshire,2.6
2019-06-01,New Jersey,3.2
2019-06-01,New Mexico,4.9
2019-06-01,New York,3.7
2019-06-01,North Carolina,3.8
2019-06-01,North Dakota,2
2019-06-01,Ohio,4
2019-06-01,Oklahoma,3
2019-06-01,Oregon,3.7
2019-06-01,Pennsylvania,4.3
2019-06-01,Rhode Island,3.5
2019-06-01,South Carolina,2.8
2019-06-01,South Dakota,2.8
2019-06-01,Tennessee,3.3
2019-06-01,Texas,3.4
2019-06-01,Utah,2.6
2019-06-01,Vermont,2.2
2019-06-01,Virginia,2.6
2019-06-01,Washington,4.3
2019-06-01,West Virginia,4.8
2019-06-01,Wisconsin,3.2
2019-06-01,Wyoming,3.5
2019-06-01,Puerto Rico,7.7
2019-07-01,Alabama,2.9
2019-07-01,Alaska,5.5
2019-07-01,Arizona,4.8
2019-07-01,Arkansas,3.4
2019-07-01,California,4
2019-07-01,Colorado,2.5
2019-07-01,Connecticut,3.5
2019-07-01,Delaware,3.8
2019-07-01,District of Columbia,5.1
2019-07-01,Florida,3.2
2019-07-01,Georgia,3.6
2019-07-01,Hawaii,2.4
2019-07-01,Idaho,3
2019-07-01,Illinois,3.8
2019-07-01,Indiana,3.2
2019-07-01,Iowa,2.6
2019-07-01,Kansas,3.1
2019-07-01,Kentucky,4.1
2019-07-01,Louisiana,4.4
2019-07-01,Maine,2.7
2019-07-01,Maryland,3.4
2019-07-01,Massachusetts,3
2019-07-01,Michigan,4.2
2019-07-01,Minnesota,3.3
2019-07-01,Mississippi,5.6
2019-07-01,Missouri,2.9
2019-07-01,Montana,3.6
2019-07-01,Nebraska,3.1
2019-07-01,Nevada,3.7
2019-07-01,New Hampshire,2.6
2019-07-01,New Jersey,3.3
2019-07-01,New Mexico,4.8
2019-07-01,New York,3.8
2019-07-01,North Carolina,3.9
2019-07-01,North Dakota,2
2019-07-01,Ohio,4.1
2019-07-01,Oklahoma,3.1
2019-07-01,Oregon,3.7
2019-07-01,Pennsylvania,4.4
2019-07-01,Rhode Island,3.6
2019-07-01,South Carolina,2.6
2019-07-01,South Dakota,2.9
2019-07-01,Tennessee,3.3
2019-07-01,Texas,3.5
2019-07-01,Utah,2.5
2019-07-01,Vermont,2.3
2019-07-01,Virginia,2.6
2019-07-01,Washington,4.2
2019-07-01,West Virginia,4.9
2019-07-01,Wisconsin,3.3
2019-07-01,Wyoming,3.7
2019-07-01,Puerto Rico,7.6
2019-08-01,Alabama,2.9
2019-08-01,Alaska,5.5
2019-08-01,Arizona,4.9
2019-08-01,Arkansas,3.5
2019-08-01,California,4.1
2019-08-01,Colorado,2.5
2019-08-01,Connecticut,3.5
2019-08-01,Delaware,3.8
2019-08-01,District of Columbia,5.1
2019-08-01,Florida,3.2
2019-08-01,Georgia,3.5
2019-08-01,Hawaii,2.2
2019-08-01,Idaho,3
2019-08-01,Illinois,3.7
2019-08-01,Indiana,3.3
2019-08-01,Iowa,2.7
2019-08-01,Kansas,3.1
2019-08-01,Kentucky,4.1
2019-08-01,Louisiana,4.6
2019-08-01,Maine,2.7
2019-08-01,Maryland,3.5
2019-08-01,Massachusetts,3
2019-08-01,Michigan,4.2
2019-08-01,Minnesota,3.4
2019-08-01,Mississippi,5.6
2019-08-01,Missouri,3
2019-08-01,Montana,3.6
2019-08-01,Nebraska,3.1
2019-08-01,Nevada,3.7
2019-08-01,New Hampshire,2.6
2019-08-01,New Jersey,3.4
2019-08-01,New Mexico,4.7
2019-08-01,New York,3.8
2019-08-01,North Carolina,3.9
2019-08-01,North Dakota,2
2019-08-01,Ohio,4.2
2019-08-01,Oklahoma,3.2
2019-08-01,Oregon,3.7
2019-08-01,Pennsylvania,4.5
2019-08-01,Rhode Island,3.6
2019-08-01,South Carolina,2.5
2019-08-01,South Dakota,2.9
2019-08-01,Tennessee,3.3
2019-08-01,Texas,3.5
2019-08-01,Utah,2.5
2019-08-01,Vermont,2.4
2019-08-01,Virginia,2.6
2019-08-01,Washington,4.2
2019-08-01,West Virginia,4.9
2019-08-01,Wisconsin,3.3
2019-08-01,Wyoming,3.8
2019-08-01,Puerto Rico,7.7
2019-09-01,Alabama,2.9
2019-09-01,Alaska,5.4
2019-09-01,Arizona,4.8
2019-09-01,Arkansas,3.5
2019-09-01,California,4.1
2019-09-01,Colorado,2.5
2019-09-01,Connecticut,3.5
2019-09-01,Delaware,3.8
2019-09-01,District of Columbia,5
2019-09-01,Florida,3.1
2019-09-01,Georgia,3.5
2019-09-01,Hawaii,2
2019-09-01,Idaho,3
2019-09-01,Illinois,3.7
2019-09-01,Indiana,3.3
2019-09-01,Iowa,2.7
2019-09-01,Kansas,3.1
2019-09-01,Kentucky,4.1
2019-09-01,Louisiana,4.7
2019-09-01,Maine,2.8
2019-09-01,Maryland,3.6
2019-09-01,Massachusetts,3
2019-09-01,Michigan,4.1
2019-09-01,Minnesota,3.5
2019-09-01,Mississippi,5.6
2019-09-01,Missouri,3.1
2019-09-01,Montana,3.6
2019-09-01,Nebraska,3.2
2019-09-01,Nevada,3.8
2019-09-01,New Hampshire,2.7
2019-09-01,New Jersey,3.5
2019-09-01,New Mexico,4.7
2019-09-01,New York,3.9
2019-09-01,North Carolina,3.9
2019-09-01,North Dakota,2.1
2019-09-01,Ohio,4.3
2019-09-01,Oklahoma,3.2
2019-09-01,Oregon,3.6
2019-09-01,Pennsylvania,4.5
2019-09-01,Rhode Island,3.6
2019-09-01,South Carolina,2.4
2019-09-01,South Dakota,2.8
2019-09-01,Tennessee,3.4
2019-09-01,Texas,3.6
2019-09-01,Utah,2.5
2019-09-01,Vermont,2.5
2019-09-01,Virginia,2.6
2019-09-01,Washington,4.2
2019-09-01,West Virginia,5
2019-09-01,Wisconsin,3.3
2019-09-01,Wyoming,4
2019-09-01,Puerto Rico,8
2019-10-01,Alabama,3
2019-10-01,Alaska,5.3
2019-10-01,Arizona,4.8
2019-10-01,Arkansas,3.5
2019-10-01,California,4.1
2019-10-01,Colorado,2.5
2019-10-01,Connecticut,3.5
2019-10-01,Delaware,3.8
2019-10-01,District of Columbia,4.9
2019-10-01,Florida,3
2019-10-01,Georgia,3.5
2019-10-01,Hawaii,1.9
2019-10-01,Idaho,3
2019-10-01,Illinois,3.7
2019-10-01,Indiana,3.3
2019-10-01,Iowa,2.7
2019-10-01,Kansas,3.1
2019-10-01,Kentucky,4
2019-10-01,Louisiana,4.8
2019-10-01,Maine,2.9
2019-10-01,Maryland,3.7
2019-10-01,Massachusetts,3
2019-10-01,Michigan,4
2019-10-01,Minnesota,3.6
2019-10-01,Mississippi,5.5
2019-10-01,Missouri,3.2
2019-10-01,Montana,3.6
2019-10-01,Nebraska,3.2
2019-10-01,Nevada,3.9
2019-10-01,New Hampshire,2.7
2019-10-01,New Jersey,3.5
2019-10-01,New Mexico,4.8
2019-10-01,New York,3.9
2019-10-01,North Carolina,3.9
2019-10-01,North Dakota,2.1
2019-10-01,Ohio,4.3
2019-10-01,Oklahoma,3.2
2019-10-01,Oregon,3.5
2019-10-01,Pennsylvania,4.6
2019-10-01,Rhode Island,3.6
2019-10-01,South Carolina,2.5
2019-10-01,South Dakota,2.8
2019-10-01,Tennessee,3.4
2019-10-01,Texas,3.5
2019-10-01,Utah,2.5
2019-10-01,Vermont,2.6
2019-10-01,Virginia,2.7
2019-10-01,Washington,4.1
2019-10-01,West Virginia,5
2019-10-01,Wisconsin,3.3
2019-10-01,Wyoming,4.1
2019-10-01,Puerto Rico,8.4
2019-11-01,Alabama,3.1
2019-11-01,Alaska,5.2
2019-11-01,Arizona,4.9
2019-11-01,Arkansas,3.5
2019-11-01,California,4.1
2019-11-01,Colorado,2.6
2019-11-01,Connecticut,3.5
2019-11-01,Delaware,3.7
2019-11-01,District of Columbia,5
2019-11-01,Florida,2.9
2019-11-01,Georgia,3.4
2019-11-01,Hawaii,1.9
2019-11-01,Idaho,3
2019-11-01,Illinois,3.6
2019-11-01,Indiana,3.3
2019-11-01,Iowa,2.7
2019-11-01,Kansas,3.1
2019-11-01,Kentucky,4
2019-11-01,Louisiana,4.9
2019-11-01,Maine,2.9
2019-11-01,Maryland,3.7
2019-11-01,Massachusetts,3
2019-11-01,Michigan,3.9
2019-11-01,Minnesota,3.6
2019-11-01,Mississippi,5.5
2019-11-01,Missouri,3.3
2019-11-01,Montana,3.7
2019-11-01,Nebraska,3.1
2019-11-01,Nevada,3.9
2019-11-01,New Hampshire,2.7
2019-11-01,New Jersey,3.6
2019-11-01,New Mexico,4.9
2019-11-01,New York,3.9
2019-11-01,North Carolina,3.8
2019-11-01,North Dakota,2
2019-11-01,Ohio,4.3
2019-11-01,Oklahoma,3.1
2019-11-01,Oregon,3.4
2019-11-01,Pennsylvania,4.6
2019-11-01,Rhode Island,3.5
2019-11-01,South Carolina,2.5
2019-11-01,South Dakota,2.7
2019-11-01,Tennessee,3.5
2019-11-01,Texas,3.5
2019-11-01,Utah,2.5
2019-11-01,Vermont,2.6
2019-11-01,Virginia,2.7
2019-11-01,Washington,4
2019-11-01,West Virginia,5
2019-11-01,Wisconsin,3.2
2019-11-01,Wyoming,4.2
2019-11-01,Puerto Rico,8.7
2019-12-01,Alabama,3.2
2019-12-01,Alaska,5.2
2019-12-01,Arizona,4.9
2019-12-01,Arkansas,3.5
2019-12-01,California,4.1
2019-12-01,Colorado,2.6
2019-12-01,Connecticut,3.5
2019-12-01,Delaware,3.7
2019-12-01,District of Columbia,5.1
2019-12-01,Florida,2.9
2019-12-01,Georgia,3.5
2019-12-01,Hawaii,2
2019-12-01,Idaho,3
2019-12-01,Illinois,3.6
2019-12-01,Indiana,3.3
2019-12-01,Iowa,2.6
2019-12-01,Kansas,3.1
2019-12-01,Kentucky,4
2019-12-01,Louisiana,5.1
2019-12-01,Maine,2.9
2019-12-01,Maryland,3.8
2019-12-01,Massachusetts,3
2019-12-01,Michigan,3.8
2019-12-01,Minnesota,3.7
2019-12-01,Mississippi,5.5
2019-12-01,Missouri,3.3
2019-12-01,Montana,3.7
2019-12-01,Nebraska,3.1
2019-12-01,Nevada,3.8
2019-12-01,New Hampshire,2.7
2019-12-01,New Jersey,3.6
2019-12-01,New Mexico,5.1
2019-12-01,New York,3.9
2019-12-01,North Carolina,3.8
2019-12-01,North Dakota,2
2019-12-01,Ohio,4.4
2019-12-01,Oklahoma,3.1
2019-12-01,Oregon,3.4
2019-12-01,Pennsylvania,4.7
2019-12-01,Rhode Island,3.6
2019-12-01,South Carolina,2.6
2019-12-01,South Dakota,2.7
2019-12-01,Tennessee,3.6
2019-12-01,Texas,3.5
2019-12-01,Utah,2.5
2019-12-01,Vermont,2.6
2019-12-01,Virginia,2.7
2019-12-01,Washington,3.9
2019-12-01,West Virginia,5
2019-12-01,Wisconsin,3.2
2019-12-01,Wyoming,4.4
2019-12-01,Puerto Rico,9
2020-01-01,Alabama,3.3
2020-01-01,Alaska,5.2
2020-01-01,Arizona,5
2020-01-01,Arkansas,3.5
2020-01-01,California,4.1
2020-01-01,Colorado,2.7
2020-01-01,Connecticut,3.4
2020-01-01,Delaware,3.7
2020-01-01,District of Columbia,5.3
2020-01-01,Florida,2.8
2020-01-01,Georgia,3.5
2020-01-01,Hawaii,2.1
2020-01-01,Idaho,3
2020-01-01,Illinois,3.7
2020-01-01,Indiana,3.4
2020-01-01,Iowa,2.6
2020-01-01,Kansas,3.1
2020-01-01,Kentucky,4
2020-01-01,Louisiana,5.2
2020-01-01,Maine,2.9
2020-01-01,Maryland,4
2020-01-01,Massachusetts,3
2020-01-01,Michigan,3.8
2020-01-01,Minnesota,3.8
2020-01-01,Mississippi,5.5
2020-01-01,Missouri,3.3
2020-01-01,Montana,3.7
2020-01-01,Nebraska,3
2020-01-01,Nevada,3.8
2020-01-01,New Hampshire,2.7
2020-01-01,New Jersey,3.5
2020-01-01,New Mexico,5.2
2020-01-01,New York,3.9
2020-01-01,North Carolina,3.7
2020-01-01,North Dakota,2.1
2020-01-01,Ohio,4.5
2020-01-01,Oklahoma,3.1
2020-01-01,Oregon,3.4
2020-01-01,Pennsylvania,4.8
2020-01-01,Rhode Island,3.6
2020-01-01,South Carolina,2.8
2020-01-01,South Dakota,2.7
2020-01-01,Tennessee,3.6
2020-01-01,Texas,3.4
2020-01-01,Utah,2.5
2020-01-01,Vermont,2.5
2020-01-01,Virginia,2.6
2020-01-01,Washington,3.9
2020-01-01,West Virginia,5.1
2020-01-01,Wisconsin,3.1
2020-01-01,Wyoming,4.7
2020-01-01,Puerto Rico,9.1
2020-02-01,Alabama,3.4
2020-02-01,Alaska,5.2
2020-02-01,Arizona,5
2020-02-01,Arkansas,3.6
2020-02-01,California,4.1
2020-02-01,Colorado,2.8
2020-02-01,Connecticut,3.4
2020-02-01,Delaware,3.7
2020-02-01,District of Columbia,5.4
2020-02-01,Florida,2.7
2020-02-01,Georgia,3.6
2020-02-01,Hawaii,2.2
2020-02-01,Idaho,3
2020-02-01,Illinois,3.8
2020-02-01,Indiana,3.4
2020-02-01,Iowa,2.6
2020-02-01,Kansas,3.1
2020-02-01,Kentucky,4.1
2020-02-01,Louisiana,5.2
2020-02-01,Maine,2.8
2020-02-01,Maryland,4.2
2020-02-01,Massachusetts,2.9
2020-02-01,Michigan,3.8
2020-02-01,Minnesota,3.9
2020-02-01,Mississippi,5.7
2020-02-01,Missouri,3.3
2020-02-01,Montana,3.7
2020-02-01,Nebraska,3
2020-02-01,Nevada,4
2020-02-01,New Hampshire,2.7
2020-02-01,New Jersey,3.5
2020-02-01,New Mexico,5.4
2020-02-01,New York,3.9
2020-02-01,North Carolina,3.7
2020-02-01,North Dakota,2.2
2020-02-01,Ohio,4.6
2020-02-01,Oklahoma,3.2
2020-02-01,Oregon,3.4
2020-02-01,Pennsylvania,5
2020-02-01,Rhode Island,3.7
2020-02-01,South Carolina,2.9
2020-02-01,South Dakota,2.6
2020-02-01,Tennessee,3.6
2020-02-01,Texas,3.5
2020-02-01,Utah,2.6
2020-02-01,Vermont,2.6
2020-02-01,Virginia,2.7
2020-02-01,Washington,3.9
2020-02-01,West Virginia,5.1
2020-02-01,Wisconsin,3
2020-02-01,Wyoming,4.9
2020-02-01,Puerto Rico,9.1
2020-03-01,Alabama,3.6
2020-03-01,Alaska,5.2
2020-03-01,Arizona,5.1
2020-03-01,Arkansas,4.9
2020-03-01,California,5.5
2020-03-01,Colorado,4.8
2020-03-01,Connecticut,3.4
2020-03-01,Delaware,5
2020-03-01,District of Columbia,5.5
2020-03-01,Florida,4.5
2020-03-01,Georgia,3.7
2020-03-01,Hawaii,2.2
2020-03-01,Idaho,2.8
2020-03-01,Illinois,4.9
2020-03-01,Indiana,3.5
2020-03-01,Iowa,2.6
2020-03-01,Kansas,3.1
2020-03-01,Kentucky,4.1
2020-03-01,Louisiana,6.8
2020-03-01,Maine,2.7
2020-03-01,Maryland,4.2
2020-03-01,Massachusetts,2.9
2020-03-01,Michigan,3.8
2020-03-01,Minnesota,4
2020-03-01,Mississippi,5.8
2020-03-01,Missouri,3.5
2020-03-01,Montana,3.6
2020-03-01,Nebraska,4.3
2020-03-01,Nevada,8
2020-03-01,New Hampshire,2.6
2020-03-01,New Jersey,3.3
2020-03-01,New Mexico,6.1
2020-03-01,New York,3.9
2020-03-01,North Carolina,3.9
2020-03-01,North Dakota,2.5
2020-03-01,Ohio,4.8
2020-03-01,Oklahoma,3.2
2020-03-01,Oregon,3.5
2020-03-01,Pennsylvania,5.2
2020-03-01,Rhode Island,3.6
2020-03-01,South Carolina,3
2020-03-01,South Dakota,2.5
2020-03-01,Tennessee,3.6
2020-03-01,Texas,5.1
2020-03-01,Utah,2.5
2020-03-01,Vermont,2.7
2020-03-01,Virginia,2.9
2020-03-01,Washington,5.3
2020-03-01,West Virginia,5.2
2020-03-01,Wisconsin,2.9
2020-03-01,Wyoming,5.2
2020-03-01,Puerto Rico,-
2020-04-01,Alabama,13.7
2020-04-01,Alaska,11.9
2020-04-01,Arizona,13.9
2020-04-01,Arkansas,10
2020-04-01,California,15.9
2020-04-01,Colorado,11.6
2020-04-01,Connecticut,8
2020-04-01,Delaware,13.1
2020-04-01,District of Columbia,11.1
2020-04-01,Florida,13.2
2020-04-01,Georgia,12.3
2020-04-01,Hawaii,22.4
2020-04-01,Idaho,11.8
2020-04-01,Illinois,17.4
2020-04-01,Indiana,16.8
2020-04-01,Iowa,10.5
2020-04-01,Kansas,12.2
2020-04-01,Kentucky,16.5
2020-04-01,Louisiana,13.5
2020-04-01,Maine,9.1
2020-04-01,Maryland,9.5
2020-04-01,Massachusetts,17.1
2020-04-01,Michigan,22.7
2020-04-01,Minnesota,9
2020-04-01,Mississippi,15.4
2020-04-01,Missouri,11.2
2020-04-01,Montana,12.2
2020-04-01,Nebraska,8.2
2020-04-01,Nevada,28.5
2020-04-01,New Hampshire,16.2
2020-04-01,New Jersey,15.5
2020-04-01,New Mexico,9.5
2020-04-01,New York,16.2
2020-04-01,North Carolina,14.2
2020-04-01,North Dakota,8.3
2020-04-01,Ohio,16.4
2020-04-01,Oklahoma,12.6
2020-04-01,Oregon,13.3
2020-04-01,Pennsylvania,16.5
2020-04-01,Rhode Island,18.4
2020-04-01,South Carolina,11.6
2020-04-01,South Dakota,8.8
2020-04-01,Tennessee,15.9
2020-04-01,Texas,12.6
2020-04-01,Utah,10
2020-04-01,Vermont,14.3
2020-04-01,Virginia,11.6
2020-04-01,Washington,16.8
2020-04-01,West Virginia,15.5
2020-04-01,Wisconsin,14.1
2020-04-01,Wyoming,5.4
2020-04-01,Puerto Rico,-
2020-05-01,Alabama,10.4
2020-05-01,Alaska,11.9
2020-05-01,Arizona,11
2020-05-01,Arkansas,8.7
2020-05-01,California,16.1
2020-05-01,Colorado,11.8
2020-05-01,Connecticut,11.4
2020-05-01,Delaware,13.3
2020-05-01,District of Columbia,9
2020-05-01,Florida,13.9
2020-05-01,Georgia,9.6
2020-05-01,Hawaii,20.9
2020-05-01,Idaho,8.9
2020-05-01,Illinois,14.5
2020-05-01,Indiana,12.3
2020-05-01,Iowa,8
2020-05-01,Kansas,9
2020-05-01,Kentucky,12.6
2020-05-01,Louisiana,12.3
2020-05-01,Maine,9.2
2020-05-01,Maryland,9.5
2020-05-01,Massachusetts,15.5
2020-05-01,Michigan,19.2
2020-05-01,Minnesota,10.8
2020-05-01,Mississippi,11
2020-05-01,Missouri,9.2
2020-05-01,Montana,9.1
2020-05-01,Nebraska,6.3
2020-05-01,Nevada,23.4
2020-05-01,New Hampshire,11.8
2020-05-01,New Jersey,15.8
2020-05-01,New Mexico,9.8
2020-05-01,New York,16.5
2020-05-01,North Carolina,11.5
2020-05-01,North Dakota,7
2020-05-01,Ohio,12.7
2020-05-01,Oklahoma,9.7
2020-05-01,Oregon,12.2
2020-05-01,Pennsylvania,13.1
2020-05-01,Rhode Island,15.6
2020-05-01,South Carolina,9.1
2020-05-01,South Dakota,6.6
2020-05-01,Tennessee,12.1
2020-05-01,Texas,11.8
2020-05-01,Utah,7.6
2020-05-01,Vermont,9.5
2020-05-01,Virginia,9.6
2020-05-01,Washington,13.2
2020-05-01,West Virginia,12.2
2020-05-01,Wisconsin,10.4
2020-05-01,Wyoming,8.6
2020-05-01,Puerto Rico,8.9
2020-06-01,Alabama,8.7
2020-06-01,Alaska,11.3
2020-06-01,Arizona,9.5
2020-06-01,Arkansas,7.6
2020-06-01,California,14.1
2020-06-01,Colorado,11
2020-06-01,Connecticut,11.1
2020-06-01,Delaware,12.7
2020-06-01,District of Columbia,8.8
2020-06-01,Florida,11.6
2020-06-01,Georgia,8.4
2020-06-01,Hawaii,17.7
2020-06-01,Idaho,7.3
2020-06-01,Illinois,12.7
2020-06-01,Indiana,10.2
2020-06-01,Iowa,6.5
2020-06-01,Kansas,7.2
2020-06-01,Kentucky,5.1
2020-06-01,Louisiana,11
2020-06-01,Maine,6.6
2020-06-01,Maryland,8.6
2020-06-01,Massachusetts,14.4
2020-06-01,Michigan,14.6
2020-06-01,Minnesota,8.7
2020-06-01,Mississippi,9.2
2020-06-01,Missouri,7.7
2020-06-01,Montana,7.4
2020-06-01,Nebraska,5.1
2020-06-01,Nevada,18.5
2020-06-01,New Hampshire,9.7
2020-06-01,New Jersey,14.5
2020-06-01,New Mexico,9.5
2020-06-01,New York,13.7
2020-06-01,North Carolina,9.6
2020-06-01,North Dakota,6.4
2020-06-01,Ohio,11
2020-06-01,Oklahoma,8
2020-06-01,Oregon,10.5
2020-06-01,Pennsylvania,11.5
2020-06-01,Rhode Island,13.5
2020-06-01,South Carolina,7.8
2020-06-01,South Dakota,5.3
2020-06-01,Tennessee,10.1
2020-06-01,Texas,10.1
2020-06-01,Utah,6.2
2020-06-01,Vermont,7.6
2020-06-01,Virginia,8.5
2020-06-01,Washington,11.4
2020-06-01,West Virginia,10.4
2020-06-01,Wisconsin,8.6
2020-06-01,Wyoming,7.2
2020-06-01,Puerto Rico,8.2
2020-07-01,Alabama,7.7
2020-07-01,Alaska,11.2
2020-07-01,Arizona,8.6
2020-07-01,Arkansas,7.1
2020-07-01,California,13.4
2020-07-01,Colorado,6.6
2020-07-01,Connecticut,11.2
2020-07-01,Delaware,7.7
2020-07-01,District of Columbia,9
2020-07-01,Florida,12.5
2020-07-01,Georgia,7.7
2020-07-01,Hawaii,16.2
2020-07-01,Idaho,6.3
2020-07-01,Illinois,11.5
2020-07-01,Indiana,8.8
2020-07-01,Iowa,5.8
2020-07-01,Kansas,6.4
2020-07-01,Kentucky,5.7
2020-07-01,Louisiana,10.5
2020-07-01,Maine,6.3
2020-07-01,Maryland,8.1
2020-07-01,Massachusetts,12.7
2020-07-01,Michigan,12.6
2020-07-01,Minnesota,7.9
2020-07-01,Mississippi,8.2
2020-07-01,Missouri,7
2020-07-01,Montana,6.5
2020-07-01,Nebraska,4.4
2020-07-01,Nevada,16.8
2020-07-01,New Hampshire,8.3
2020-07-01,New Jersey,14.3
2020-07-01,New Mexico,9.6
2020-07-01,New York,12.7
2020-07-01,North Carolina,8.6
2020-07-01,North Dakota,6.2
2020-07-01,Ohio,9.9
2020-07-01,Oklahoma,7.2
2020-07-01,Oregon,9.5
2020-07-01,Pennsylvania,10.6
2020-07-01,Rhode Island,12.2
2020-07-01,South Carolina,7.2
2020-07-01,South Dakota,4.8
2020-07-01,Tennessee,8.8
2020-07-01,Texas,9.3
2020-07-01,Utah,5.4
2020-07-01,Vermont,6.4
2020-07-01,Virginia,7.9
2020-07-01,Washington,10.2
2020-07-01,West Virginia,9.4
2020-07-01,Wisconsin,7.6
2020-07-01,Wyoming,6.6
2020-07-01,Puerto Rico,8.2
2020-08-01,Alabama,6.6
2020-08-01,Alaska,7.8
2020-08-01,Arizona,7.6
2020-08-01,Arkansas,6.2
2020-08-01,California,11.9
2020-08-01,Colorado,6.2
2020-08-01,Connecticut,9.5
2020-08-01,Delaware,7.5
2020-08-01,District of Columbia,8.8
2020-08-01,Florida,8.9
2020-08-01,Georgia,6.9
2020-08-01,Hawaii,13.9
2020-08-01,Idaho,5.3
2020-08-01,Illinois,9.8
2020-08-01,Indiana,7.2
2020-08-01,Iowa,5.1
2020-08-01,Kansas,5.6
2020-08-01,Kentucky,5.2
2020-08-01,Louisiana,9.4
2020-08-01,Maine,4.6
2020-08-01,Maryland,7.2
2020-08-01,Massachusetts,10.6
2020-08-01,Michigan,9.9
2020-08-01,Minnesota,6.9
2020-08-01,Mississippi,7.4
2020-08-01,Missouri,6.4
2020-08-01,Montana,5.4
2020-08-01,Nebraska,3.7
2020-08-01,Nevada,14.7
2020-08-01,New Hampshire,6.8
2020-08-01,New Jersey,12.8
2020-08-01,New Mexico,9.3
2020-08-01,New York,11
2020-08-01,North Carolina,7.2
2020-08-01,North Dakota,5.8
2020-08-01,Ohio,8.4
2020-08-01,Oklahoma,6.2
2020-08-01,Oregon,8.1
2020-08-01,Pennsylvania,9.5
2020-08-01,Rhode Island,10.2
2020-08-01,South Carolina,6.3
2020-08-01,South Dakota,4.3
2020-08-01,Tennessee,7.5
2020-08-01,Texas,8.1
2020-08-01,Utah,4.6
2020-08-01,Vermont,5.1
2020-08-01,Virginia,7
2020-08-01,Washington,8.7
2020-08-01,West Virginia,8.3
2020-08-01,Wisconsin,6.2
2020-08-01,Wyoming,5.9
2020-08-01,Puerto Rico,8.3
2020-09-01,Alabama,6.1
2020-09-01,Alaska,7.7
2020-09-01,Arizona,7.2
2020-09-01,Arkansas,5.8
2020-09-01,California,10.3
2020-09-01,Colorado,6.4
2020-09-01,Connecticut,8.9
2020-09-01,Delaware,7.6
2020-09-01,District of Columbia,8.7
2020-09-01,Florida,8.7
2020-09-01,Georgia,6.4
2020-09-01,Hawaii,14.2
2020-09-01,Idaho,4.8
2020-09-01,Illinois,9
2020-09-01,Indiana,6.3
2020-09-01,Iowa,4.8
2020-09-01,Kansas,5.2
2020-09-01,Kentucky,5.1
2020-09-01,Louisiana,8.9
2020-09-01,Maine,4.4
2020-09-01,Maryland,6.8
2020-09-01,Massachusetts,9.9
2020-09-01,Michigan,8.7
2020-09-01,Minnesota,6.2
2020-09-01,Mississippi,7.1
2020-09-01,Missouri,6
2020-09-01,Montana,5
2020-09-01,Nebraska,3.3
2020-09-01,Nevada,13.6
2020-09-01,New Hampshire,6.1
2020-09-01,New Jersey,8.3
2020-09-01,New Mexico,8.8
2020-09-01,New York,10.3
2020-09-01,North Carolina,6.5
2020-09-01,North Dakota,5.6
2020-09-01,Ohio,7.6
2020-09-01,Oklahoma,5.8
2020-09-01,Oregon,7.5
2020-09-01,Pennsylvania,8.9
2020-09-01,Rhode Island,9.6
2020-09-01,South Carolina,5.9
2020-09-01,South Dakota,4
2020-09-01,Tennessee,6.9
2020-09-01,Texas,7.7
2020-09-01,Utah,4.3
2020-09-01,Vermont,4.5
2020-09-01,Virginia,6.3
2020-09-01,Washington,7.9
2020-09-01,West Virginia,7.6
2020-09-01,Wisconsin,5.7
2020-09-01,Wyoming,5.6
2020-09-01,Puerto Rico,8.6
2020-10-01,Alabama,5.3
2020-10-01,Alaska,7.3
2020-10-01,Arizona,6.7
2020-10-01,Arkansas,5.4
2020-10-01,California,9.5
2020-10-01,Colorado,6.1
2020-10-01,Connecticut,8.1
2020-10-01,Delaware,5.3
2020-10-01,District of Columbia,8.2
2020-10-01,Florida,7.2
2020-10-01,Georgia,5.6
2020-10-01,Hawaii,12.1
2020-10-01,Idaho,4.3
2020-10-01,Illinois,8.1
2020-10-01,Indiana,5.5
2020-10-01,Iowa,4.5
2020-10-01,Kansas,4.7
2020-10-01,Kentucky,4.9
2020-10-01,Louisiana,8
2020-10-01,Maine,4.1
2020-10-01,Maryland,6.2
2020-10-01,Massachusetts,8.6
2020-10-01,Michigan,7.5
2020-10-01,Minnesota,5.5
2020-10-01,Mississippi,6.8
2020-10-01,Missouri,5.5
2020-10-01,Montana,4.5
2020-10-01,Nebraska,2.9
2020-10-01,Nevada,12.1
2020-10-01,New Hampshire,5.2
2020-10-01,New Jersey,7.5
2020-10-01,New Mexico,8.4
2020-10-01,New York,9.3
2020-10-01,North Carolina,5.8
2020-10-01,North Dakota,5.3
2020-10-01,Ohio,6.8
2020-10-01,Oklahoma,5.4
2020-10-01,Oregon,6.8
2020-10-01,Pennsylvania,8.3
2020-10-01,Rhode Island,6.9
2020-10-01,South Carolina,5.3
2020-10-01,South Dakota,3.7
2020-10-01,Tennessee,6.1
2020-10-01,Texas,7.1
2020-10-01,Utah,3.9
2020-10-01,Vermont,4
2020-10-01,Virginia,5.6
2020-10-01,Washington,7.1
2020-10-01,West Virginia,6.9
2020-10-01,Wisconsin,5
2020-10-01,Wyoming,5.3
2020-10-01,Puerto Rico,9
2020-11-01,Alabama,4.8
2020-11-01,Alaska,7.2
2020-11-01,Arizona,6.5
2020-11-01,Arkansas,5.2
2020-11-01,California,9.2
2020-11-01,Colorado,6.2
2020-11-01,Connecticut,7.8
2020-11-01,Delaware,5.4
2020-11-01,District of Columbia,7.8
2020-11-01,Florida,6.7
2020-11-01,Georgia,5.3
2020-11-01,Hawaii,10.8
2020-11-01,Idaho,4.2
2020-11-01,Illinois,7.7
2020-11-01,Indiana,5.1
2020-11-01,Iowa,4.5
2020-11-01,Kansas,4.4
2020-11-01,Kentucky,4.9
2020-11-01,Louisiana,7.4
2020-11-01,Maine,4.1
2020-11-01,Maryland,6.1
2020-11-01,Massachusetts,8.1
2020-11-01,Michigan,7.1
2020-11-01,Minnesota,5
2020-11-01,Mississippi,6.8
2020-11-01,Missouri,5.3
2020-11-01,Montana,4.2
2020-11-01,Nebraska,2.8
2020-11-01,Nevada,11.2
2020-11-01,New Hampshire,4.8
2020-11-01,New Jersey,7.5
2020-11-01,New Mexico,8
2020-11-01,New York,9.1
2020-11-01,North Carolina,5.6
2020-11-01,North Dakota,5.1
2020-11-01,Ohio,6.5
2020-11-01,Oklahoma,5.3
2020-11-01,Oregon,6.6
2020-11-01,Pennsylvania,8
2020-11-01,Rhode Island,6.8
2020-11-01,South Carolina,5.1
2020-11-01,South Dakota,3.6
2020-11-01,Tennessee,5.7
2020-11-01,Texas,6.9
2020-11-01,Utah,3.7
2020-11-01,Vermont,3.8
2020-11-01,Virginia,5.2
2020-11-01,Washington,6.7
2020-11-01,West Virginia,6.5
2020-11-01,Wisconsin,4.8
2020-11-01,Wyoming,5.2
2020-11-01,Puerto Rico,9.3
2020-12-01,Alabama,4.4
2020-12-01,Alaska,7.3
2020-12-01,Arizona,6.3
2020-12-01,Arkansas,5
2020-12-01,California,9.2
2020-12-01,Colorado,6.4
2020-12-01,Connecticut,7.7
2020-12-01,Delaware,5.6
2020-12-01,District of Columbia,7.5
2020-12-01,Florida,6.5
2020-12-01,Georgia,5.1
2020-12-01,Hawaii,9.8
2020-12-01,Idaho,4.2
2020-12-01,Illinois,7.5
2020-12-01,Indiana,4.8
2020-12-01,Iowa,4.5
2020-12-01,Kansas,4.2
2020-12-01,Kentucky,4.9
2020-12-01,Louisiana,7
2020-12-01,Maine,4.4
2020-12-01,Maryland,6.3
2020-12-01,Massachusetts,7.7
2020-12-01,Michigan,7
2020-12-01,Minnesota,4.6
2020-12-01,Mississippi,6.7
2020-12-01,Missouri,5.1
2020-12-01,Montana,4
2020-12-01,Nebraska,2.8
2020-12-01,Nevada,10.8
2020-12-01,New Hampshire,4.5
2020-12-01,New Jersey,7.4
2020-12-01,New Mexico,7.9
2020-12-01,New York,8.8
2020-12-01,North Carolina,5.6
2020-12-01,North Dakota,5
2020-12-01,Ohio,6.2
2020-12-01,Oklahoma,5.2
2020-12-01,Oregon,6.6
2020-12-01,Pennsylvania,7.7
2020-12-01,Rhode Island,6.7
2020-12-01,South Carolina,4.9
2020-12-01,South Dakota,3.5
2020-12-01,Tennessee,5.5
2020-12-01,Texas,6.9
2020-12-01,Utah,3.5
2020-12-01,Vermont,3.8
2020-12-01,Virginia,5
2020-12-01,Washington,6.5
2020-12-01,West Virginia,6.2
2020-12-01,Wisconsin,4.7
2020-12-01,Wyoming,5.1
2020-12-01,Puerto Rico,9.3
2021-01-01,Alabama,4
2021-01-01,Alaska,7.1
2021-01-01,Arizona,6.1
2021-01-01,Arkansas,4.9
2021-01-01,California,8.8
2021-01-01,Colorado,6.2
2021-01-01,Connecticut,7.3
2021-01-01,Delaware,5.7
2021-01-01,District of Columbia,6.9
2021-01-01,Florida,6
2021-01-01,Georgia,4.8
2021-01-01,Hawaii,8.3
2021-01-01,Idaho,4
2021-01-01,Illinois,7.1
2021-01-01,Indiana,4.5
2021-01-01,Iowa,4.4
2021-01-01,Kansas,3.8
2021-01-01,Kentucky,4.8
2021-01-01,Louisiana,6.5
2021-01-01,Maine,4.4
2021-01-01,Maryland,5.9
2021-01-01,Massachusetts,7.1
2021-01-01,Michigan,6.4
2021-01-01,Minnesota,4.2
2021-01-01,Mississippi,6.6
2021-01-01,Missouri,5
2021-01-01,Montana,3.8
2021-01-01,Nebraska,2.7
2021-01-01,Nevada,10.2
2021-01-01,New Hampshire,4.2
2021-01-01,New Jersey,7.3
2021-01-01,New Mexico,7.4
2021-01-01,New York,8.6
2021-01-01,North Carolina,5.5
2021-01-01,North Dakota,4.7
2021-01-01,Ohio,6
2021-01-01,Oklahoma,5
2021-01-01,Oregon,6.4
2021-01-01,Pennsylvania,7.5
2021-01-01,Rhode Island,6.3
2021-01-01,South Carolina,4.6
2021-01-01,South Dakota,3.3
2021-01-01,Tennessee,5.2
2021-01-01,Texas,6.7
2021-01-01,Utah,3.3
2021-01-01,Vermont,3.9
2021-01-01,Virginia,4.8
2021-01-01,Washington,6.3
2021-01-01,West Virginia,5.9
2021-01-01,Wisconsin,4.5
2021-01-01,Wyoming,5.1
2021-01-01,Puerto Rico,9
2021-02-01,Alabama,3.8
2021-02-01,Alaska,7
2021-02-01,Arizona,6
2021-02-01,Arkansas,4.8
2021-02-01,California,8.6
2021-02-01,Colorado,6.2
2021-02-01,Connecticut,7.2
2021-02-01,Delaware,5.7
2021-02-01,District of Columbia,6.7
2021-02-01,Florida,5.6
2021-02-01,Georgia,4.6
2021-02-01,Hawaii,7.3
2021-02-01,Idaho,4
2021-02-01,Illinois,6.9
2021-02-01,Indiana,4.3
2021-02-01,Iowa,4.4
2021-02-01,Kansas,3.6
2021-02-01,Kentucky,4.7
2021-02-01,Louisiana,6.3
2021-02-01,Maine,4.6
2021-02-01,Maryland,5.7
2021-02-01,Massachusetts,6.7
2021-02-01,Michigan,6.3
2021-02-01,Minnesota,3.9
2021-02-01,Mississippi,6.5
2021-02-01,Missouri,4.9
2021-02-01,Montana,3.7
2021-02-01,Nebraska,2.7
2021-02-01,Nevada,9.8
2021-02-01,New Hampshire,4
2021-02-01,New Jersey,7.2
2021-02-01,New Mexico,7.3
2021-02-01,New York,8.4
2021-02-01,North Carolina,5.4
2021-02-01,North Dakota,4.5
2021-02-01,Ohio,5.8
2021-02-01,Oklahoma,4.8
2021-02-01,Oregon,6.2
2021-02-01,Pennsylvania,7.3
2021-02-01,Rhode Island,6.1
2021-02-01,South Carolina,4.4
2021-02-01,South Dakota,3.2
2021-02-01,Tennessee,5
2021-02-01,Texas,6.6
2021-02-01,Utah,3.1
2021-02-01,Vermont,3.9
2021-02-01,Virginia,4.6
2021-02-01,Washington,6.1
2021-02-01,West Virginia,5.8
2021-02-01,Wisconsin,4.4
2021-02-01,Wyoming,5
2021-02-01,Puerto Rico,8.5
2021-03-01,Alabama,3.7
2021-03-01,Alaska,7
2021-03-01,Arizona,5.8
2021-03-01,Arkansas,4.6
2021-03-01,California,8.4
2021-03-01,Colorado,6.1
2021-03-01,Connecticut,7
2021-03-01,Delaware,5.8
2021-03-01,District of Columbia,6.6
2021-03-01,Florida,5.4
2021-03-01,Georgia,4.4
2021-03-01,Hawaii,6.6
2021-03-01,Idaho,3.9
2021-03-01,Illinois,6.7
2021-03-01,Indiana,4.2
2021-03-01,Iowa,4.4
2021-03-01,Kansas,3.5
2021-03-01,Kentucky,4.7
2021-03-01,Louisiana,6.1
2021-03-01,Maine,4.8
2021-03-01,Maryland,5.7
2021-03-01,Massachusetts,6.4
2021-03-01,Michigan,6.2
2021-03-01,Minnesota,3.7
2021-03-01,Mississippi,6.4
2021-03-01,Missouri,4.8
2021-03-01,Montana,3.6
2021-03-01,Nebraska,2.6
2021-03-01,Nevada,9.2
2021-03-01,New Hampshire,3.9
2021-03-01,New Jersey,6.9
2021-03-01,New Mexico,7.2
2021-03-01,New York,7.9
2021-03-01,North Carolina,5.2
2021-03-01,North Dakota,4.3
2021-03-01,Ohio,5.7
2021-03-01,Oklahoma,4.7
2021-03-01,Oregon,6.1
2021-03-01,Pennsylvania,7.1
2021-03-01,Rhode Island,6
2021-03-01,South Carolina,4.3
2021-03-01,South Dakota,3.2
2021-03-01,Tennessee,4.9
2021-03-01,Texas,6.4
2021-03-01,Utah,3
2021-03-01,Vermont,3.8
2021-03-01,Virginia,4.5
2021-03-01,Washington,5.8
2021-03-01,West Virginia,5.6
2021-03-01,Wisconsin,4.3
2021-03-01,Wyoming,5
2021-03-01,Puerto Rico,8.2
2021-04-01,Alabama,3.6
2021-04-01,Alaska,7
2021-04-01,Arizona,5.6
2021-04-01,Arkansas,4.5
2021-04-01,California,8.3
2021-04-01,Colorado,6.1
2021-04-01,Connecticut,7
2021-04-01,Delaware,5.8
2021-04-01,District of Columbia,6.8
2021-04-01,Florida,5.1
2021-04-01,Georgia,4.3
2021-04-01,Hawaii,6.3
2021-04-01,Idaho,3.8
2021-04-01,Illinois,6.6
2021-04-01,Indiana,4.1
2021-04-01,Iowa,4.5
2021-04-01,Kansas,3.5
2021-04-01,Kentucky,4.7
2021-04-01,Louisiana,6.1
2021-04-01,Maine,5
2021-04-01,Maryland,5.7
2021-04-01,Massachusetts,6.3
2021-04-01,Michigan,6.2
2021-04-01,Minnesota,3.5
2021-04-01,Mississippi,6.2
2021-04-01,Missouri,4.7
2021-04-01,Montana,3.6
2021-04-01,Nebraska,2.6
2021-04-01,Nevada,8.6
2021-04-01,New Hampshire,3.8
2021-04-01,New Jersey,7
2021-04-01,New Mexico,7.3
2021-04-01,New York,7.8
2021-04-01,North Carolina,5.1
2021-04-01,North Dakota,4
2021-04-01,Ohio,5.6
2021-04-01,Oklahoma,4.5
2021-04-01,Oregon,5.9
2021-04-01,Pennsylvania,6.9
2021-04-01,Rhode Island,6.1
2021-04-01,South Carolina,4.2
2021-04-01,South Dakota,3.2
2021-04-01,Tennessee,4.8
2021-04-01,Texas,6.2
2021-04-01,Utah,2.9
2021-04-01,Vermont,3.7
2021-04-01,Virginia,4.3
2021-04-01,Washington,5.7
2021-04-01,West Virginia,5.5
2021-04-01,Wisconsin,4.3
2021-04-01,Wyoming,4.8
2021-04-01,Puerto Rico,8
2021-05-01,Alabama,3.6
2021-05-01,Alaska,6.8
2021-05-01,Arizona,5.4
2021-05-01,Arkansas,4.4
2021-05-01,California,7.9
2021-05-01,Colorado,5.8
2021-05-01,Connecticut,6.7
2021-05-01,Delaware,5.7
2021-05-01,District of Columbia,6.9
2021-05-01,Florida,4.9
2021-05-01,Georgia,4.1
2021-05-01,Hawaii,5.9
2021-05-01,Idaho,3.7
2021-05-01,Illinois,6.5
2021-05-01,Indiana,4
2021-05-01,Iowa,4.5
2021-05-01,Kansas,3.4
2021-05-01,Kentucky,4.7
2021-05-01,Louisiana,5.9
2021-05-01,Maine,4.9
2021-05-01,Maryland,5.7
2021-05-01,Massachusetts,5.9
2021-05-01,Michigan,6.2
2021-05-01,Minnesota,3.4
2021-05-01,Mississippi,6
2021-05-01,Missouri,4.5
2021-05-01,Montana,3.6
2021-05-01,Nebraska,2.5
2021-05-01,Nevada,7.8
2021-05-01,New Hampshire,3.7
2021-05-01,New Jersey,6.6
2021-05-01,New Mexico,7.2
2021-05-01,New York,7.4
2021-05-01,North Carolina,5
2021-05-01,North Dakota,3.8
2021-05-01,Ohio,5.4
2021-05-01,Oklahoma,4.4
2021-05-01,Oregon,5.6
2021-05-01,Pennsylvania,6.7
2021-05-01,Rhode Island,6
2021-05-01,South Carolina,4.1
2021-05-01,South Dakota,3.2
2021-05-01,Tennessee,4.6
2021-05-01,Texas,5.9
2021-05-01,Utah,2.8
2021-05-01,Vermont,3.6
2021-05-01,Virginia,4.1
2021-05-01,Washington,5.5
2021-05-01,West Virginia,5.4
2021-05-01,Wisconsin,4.1
2021-05-01,Wyoming,4.7
2021-05-01,Puerto Rico,8.1
2021-06-01,Alabama,3.5
2021-06-01,Alaska,6.8
2021-06-01,Arizona,5.2
2021-06-01,Arkansas,4.2
2021-06-01,California,7.9
2021-06-01,Colorado,5.9
2021-06-01,Connecticut,6.7
2021-06-01,Delaware,5.7
2021-06-01,District of Columbia,7.2
2021-06-01,Florida,4.8
2021-06-01,Georgia,4
2021-06-01,Hawaii,5.9
2021-06-01,Idaho,3.7
2021-06-01,Illinois,6.5
2021-06-01,Indiana,3.9
2021-06-01,Iowa,4.5
2021-06-01,Kansas,3.5
2021-06-01,Kentucky,4.8
2021-06-01,Louisiana,5.8
2021-06-01,Maine,5
2021-06-01,Maryland,6.1
2021-06-01,Massachusetts,6
2021-06-01,Michigan,6.3
2021-06-01,Minnesota,3.4
2021-06-01,Mississippi,5.8
2021-06-01,Missouri,4.4
2021-06-01,Montana,3.6
2021-06-01,Nebraska,2.5
2021-06-01,Nevada,7.2
2021-06-01,New Hampshire,3.6
2021-06-01,New Jersey,7.1
2021-06-01,New Mexico,7.3
2021-06-01,New York,7.4
2021-06-01,North Carolina,5
2021-06-01,North Dakota,3.6
2021-06-01,Ohio,5.3
2021-06-01,Oklahoma,4.2
2021-06-01,Oregon,5.4
2021-06-01,Pennsylvania,6.6
2021-06-01,Rhode Island,6.2
2021-06-01,South Carolina,4.1
2021-06-01,South Dakota,3.2
2021-06-01,Tennessee,4.4
2021-06-01,Texas,5.9
2021-06-01,Utah,2.8
2021-06-01,Vermont,3.5
2021-06-01,Virginia,4
2021-06-01,Washington,5.4
2021-06-01,West Virginia,5.3
2021-06-01,Wisconsin,4
2021-06-01,Wyoming,4.6
2021-06-01,Puerto Rico,8.3
2021-07-01,Alabama,3.4
2021-07-01,Alaska,6.5
2021-07-01,Arizona,4.9
2021-07-01,Arkansas,4
2021-07-01,California,7.4
2021-07-01,Colorado,5.6
2021-07-01,Connecticut,6.3
2021-07-01,Delaware,5.5
2021-07-01,District of Columbia,7.1
2021-07-01,Florida,4.5
2021-07-01,Georgia,3.9
2021-07-01,Hawaii,5.5
2021-07-01,Idaho,3.6
2021-07-01,Illinois,6.2
2021-07-01,Indiana,3.7
2021-07-01,Iowa,4.4
2021-07-01,Kansas,3.4
2021-07-01,Kentucky,4.8
2021-07-01,Louisiana,5.5
2021-07-01,Maine,4.9
2021-07-01,Maryland,6.1
2021-07-01,Massachusetts,5.7
2021-07-01,Michigan,6.2
2021-07-01,Minnesota,3.3
2021-07-01,Mississippi,5.6
2021-07-01,Missouri,4.3
2021-07-01,Montana,3.5
2021-07-01,Nebraska,2.5
2021-07-01,Nevada,6.6
2021-07-01,New Hampshire,3.5
2021-07-01,New Jersey,6.6
2021-07-01,New Mexico,7
2021-07-01,New York,6.9
2021-07-01,North Carolina,4.9
2021-07-01,North Dakota,3.4
2021-07-01,Ohio,5.1
2021-07-01,Oklahoma,3.9
2021-07-01,Oregon,5.1
2021-07-01,Pennsylvania,6.4
2021-07-01,Rhode Island,6
2021-07-01,South Carolina,4
2021-07-01,South Dakota,3.2
2021-07-01,Tennessee,4.2
2021-07-01,Texas,5.6
2021-07-01,Utah,2.7
2021-07-01,Vermont,3.3
2021-07-01,Virginia,3.8
2021-07-01,Washington,5.2
2021-07-01,West Virginia,5.1
2021-07-01,Wisconsin,3.8
2021-07-01,Wyoming,4.5
2021-07-01,Puerto Rico,8.3
2021-08-01,Alabama,3.3
2021-08-01,Alaska,6.3
2021-08-01,Arizona,4.5
2021-08-01,Arkansas,3.8
2021-08-01,California,7
2021-08-01,Colorado,5.3
2021-08-01,Connecticut,6.1
2021-08-01,Delaware,5.3
2021-08-01,District of Columbia,6.9
2021-08-01,Florida,4.3
2021-08-01,Georgia,3.7
2021-08-01,Hawaii,5.3
2021-08-01,Idaho,3.5
2021-08-01,Illinois,6
2021-08-01,Indiana,3.4
2021-08-01,Iowa,4.3
2021-08-01,Kansas,3.2
2021-08-01,Kentucky,4.8
2021-08-01,Louisiana,5.2
2021-08-01,Maine,4.8
2021-08-01,Maryland,6.2
2021-08-01,Massachusetts,5.5
2021-08-01,Michigan,6
2021-08-01,Minnesota,3.3
2021-08-01,Mississippi,5.3
2021-08-01,Missouri,4.1
2021-08-01,Montana,3.4
2021-08-01,Nebraska,2.5
2021-08-01,Nevada,6
2021-08-01,New Hampshire,3.4
2021-08-01,New Jersey,6.5
2021-08-01,New Mexico,6.8
2021-08-01,New York,6.6
2021-08-01,North Carolina,4.8
2021-08-01,North Dakota,3.3
2021-08-01,Ohio,4.9
2021-08-01,Oklahoma,3.5
2021-08-01,Oregon,4.9
2021-08-01,Pennsylvania,6.1
2021-08-01,Rhode Island,5.8
2021-08-01,South Carolina,3.9
2021-08-01,South Dakota,3.2
2021-08-01,Tennessee,4
2021-08-01,Texas,5.4
2021-08-01,Utah,2.6
2021-08-01,Vermont,3.2
2021-08-01,Virginia,3.6
2021-08-01,Washington,5
2021-08-01,West Virginia,4.8
2021-08-01,Wisconsin,3.6
2021-08-01,Wyoming,4.3
2021-08-01,Puerto Rico,8.2
2021-09-01,Alabama,3.2
2021-09-01,Alaska,5.9
2021-09-01,Arizona,4.2
2021-09-01,Arkansas,3.5
2021-09-01,California,6.4
2021-09-01,Colorado,4.7
2021-09-01,Connecticut,5.6
2021-09-01,Delaware,5
2021-09-01,District of Columbia,6.5
2021-09-01,Florida,3.9
2021-09-01,Georgia,3.5
2021-09-01,Hawaii,4.8
2021-09-01,Idaho,3.4
2021-09-01,Illinois,5.5
2021-09-01,Indiana,3.1
2021-09-01,Iowa,4.1
2021-09-01,Kansas,3
2021-09-01,Kentucky,4.7
2021-09-01,Louisiana,4.8
2021-09-01,Maine,4.5
2021-09-01,Maryland,5.8
2021-09-01,Massachusetts,5.1
2021-09-01,Michigan,5.7
2021-09-01,Minnesota,3.2
2021-09-01,Mississippi,5
2021-09-01,Missouri,4
2021-09-01,Montana,3.2
2021-09-01,Nebraska,2.5
2021-09-01,Nevada,5.6
2021-09-01,New Hampshire,3.2
2021-09-01,New Jersey,5.8
2021-09-01,New Mexico,6.2
2021-09-01,New York,6
2021-09-01,North Carolina,4.5
2021-09-01,North Dakota,3.2
2021-09-01,Ohio,4.7
2021-09-01,Oklahoma,3.2
2021-09-01,Oregon,4.5
2021-09-01,Pennsylvania,5.8
2021-09-01,Rhode Island,5.4
2021-09-01,South Carolina,3.8
2021-09-01,South Dakota,3.1
2021-09-01,Tennessee,3.8
2021-09-01,Texas,5.1
2021-09-01,Utah,2.5
2021-09-01,Vermont,3.2
2021-09-01,Virginia,3.4
2021-09-01,Washington,4.8
2021-09-01,West Virginia,4.6
2021-09-01,Wisconsin,3.4
2021-09-01,Wyoming,4.2
2021-09-01,Puerto Rico,7.8
2021-10-01,Alabama,3.1
2021-10-01,Alaska,5.7
2021-10-01,Arizona,3.9
2021-10-01,Arkansas,3.4
2021-10-01,California,6.1
2021-10-01,Colorado,4.5
2021-10-01,Connecticut,5.4
2021-10-01,Delaware,4.9
2021-10-01,District of Columbia,6.3
2021-10-01,Florida,3.7
2021-10-01,Georgia,3.4
2021-10-01,Hawaii,4.7
2021-10-01,Idaho,3.2
2021-10-01,Illinois,5.3
2021-10-01,Indiana,2.8
2021-10-01,Iowa,4
2021-10-01,Kansas,2.9
2021-10-01,Kentucky,4.6
2021-10-01,Louisiana,4.6
2021-10-01,Maine,4.4
2021-10-01,Maryland,5.7
2021-10-01,Massachusetts,5
2021-10-01,Michigan,5.4
2021-10-01,Minnesota,3.1
2021-10-01,Mississippi,4.7
2021-10-01,Missouri,4
2021-10-01,Montana,3
2021-10-01,Nebraska,2.4
2021-10-01,Nevada,5.4
2021-10-01,New Hampshire,3.1
2021-10-01,New Jersey,5.5
2021-10-01,New Mexico,6.1
2021-10-01,New York,5.7
2021-10-01,North Carolina,4.4
2021-10-01,North Dakota,3.2
2021-10-01,Ohio,4.5
2021-10-01,Oklahoma,2.9
2021-10-01,Oregon,4.4
2021-10-01,Pennsylvania,5.6
2021-10-01,Rhode Island,5
2021-10-01,South Carolina,3.6
2021-10-01,South Dakota,3
2021-10-01,Tennessee,3.7
2021-10-01,Texas,5
2021-10-01,Utah,2.3
2021-10-01,Vermont,3.1
2021-10-01,Virginia,3.4
2021-10-01,Washington,4.6
2021-10-01,West Virginia,4.3
2021-10-01,Wisconsin,3.2
2021-10-01,Wyoming,4
2021-10-01,Puerto Rico,7.5
2021-11-01,Alabama,3.1
2021-11-01,Alaska,5.5
2021-11-01,Arizona,3.9
2021-11-01,Arkansas,3.3
2021-11-01,California,5.8
2021-11-01,Colorado,4.3
2021-11-01,Connecticut,5.2
2021-11-01,Delaware,4.8
2021-11-01,District of Columbia,6.1
2021-11-01,Florida,3.5
2021-11-01,Georgia,3.3
2021-11-01,Hawaii,4.4
2021-11-01,Idaho,3.2
2021-11-01,Illinois,5.1
2021-11-01,Indiana,2.7
2021-11-01,Iowa,3.9
2021-11-01,Kansas,2.8
2021-11-01,Kentucky,4.6
2021-11-01,Louisiana,4.5
2021-11-01,Maine,4.2
2021-11-01,Maryland,5.4
2021-11-01,Massachusetts,4.8
2021-11-01,Michigan,5.2
2021-11-01,Minnesota,3.1
2021-11-01,Mississippi,4.7
2021-11-01,Missouri,3.9
2021-11-01,Montana,2.9
2021-11-01,Nebraska,2.4
2021-11-01,Nevada,5.3
2021-11-01,New Hampshire,3
2021-11-01,New Jersey,5.1
2021-11-01,New Mexico,6
2021-11-01,New York,5.4
2021-11-01,North Carolina,4.2
2021-11-01,North Dakota,3.1
2021-11-01,Ohio,4.5
2021-11-01,Oklahoma,2.8
2021-11-01,Oregon,4.2
2021-11-01,Pennsylvania,5.5
2021-11-01,Rhode Island,4.7
2021-11-01,South Carolina,3.6
2021-11-01,South Dakota,2.9
2021-11-01,Tennessee,3.6
2021-11-01,Texas,4.9
2021-11-01,Utah,2.3
2021-11-01,Vermont,3.1
2021-11-01,Virginia,3.3
2021-11-01,Washington,4.5
2021-11-01,West Virginia,4.3
2021-11-01,Wisconsin,3.1
2021-11-01,Wyoming,4
2021-11-01,Puerto Rico,7.5
2021-12-01,Alabama,3.1
2021-12-01,Alaska,5.5
2021-12-01,Arizona,3.9
2021-12-01,Arkansas,3.3
2021-12-01,California,5.8
2021-12-01,Colorado,4.2
2021-12-01,Connecticut,5.1
2021-12-01,Delaware,4.8
2021-12-01,District of Columbia,6.1
2021-12-01,Florida,3.5
2021-12-01,Georgia,3.3
2021-12-01,Hawaii,4.3
2021-12-01,Idaho,3.1
2021-12-01,Illinois,5.1
2021-12-01,Indiana,2.7
2021-12-01,Iowa,3.9
2021-12-01,Kansas,2.8
2021-12-01,Kentucky,4.6
2021-12-01,Louisiana,4.4
2021-12-01,Maine,4.1
2021-12-01,Maryland,5.4
2021-12-01,Massachusetts,4.6
2021-12-01,Michigan,5.1
2021-12-01,Minnesota,3
2021-12-01,Mississippi,4.7
2021-12-01,Missouri,3.9
2021-12-01,Montana,2.9
2021-12-01,Nebraska,2.3
2021-12-01,Nevada,5.3
2021-12-01,New Hampshire,3
2021-12-01,New Jersey,5.1
2021-12-01,New Mexico,5.9
2021-12-01,New York,5.4
2021-12-01,North Carolina,4.1
2021-12-01,North Dakota,3.1
2021-12-01,Ohio,4.5
2021-12-01,Oklahoma,2.8
2021-12-01,Oregon,4.2
2021-12-01,Pennsylvania,5.5
2021-12-01,Rhode Island,4.5
2021-12-01,South Carolina,3.6
2021-12-01,South Dakota,2.9
2021-12-01,Tennessee,3.6
2021-12-01,Texas,4.8
2021-12-01,Utah,2.3
2021-12-01,Vermont,3.1
2021-12-01,Virginia,3.3
2021-12-01,Washington,4.5
2021-12-01,West Virginia,4.3
2021-12-01,Wisconsin,3.1
2021-12-01,Wyoming,4
2021-12-01,Puerto Rico,7.5
2022-01-01,Alabama,3.1
2022-01-01,Alaska,5.6
2022-01-01,Arizona,3.7
2022-01-01,Arkansas,3.2
2022-01-01,California,5.7
2022-01-01,Colorado,4.2
2022-01-01,Connecticut,5.3
2022-01-01,Delaware,4.8
2022-01-01,District of Columbia,6.3
2022-01-01,Florida,3.5
2022-01-01,Georgia,3.2
2022-01-01,Hawaii,4.3
2022-01-01,Idaho,3
2022-01-01,Illinois,5
2022-01-01,Indiana,2.4
2022-01-01,Iowa,3.7
2022-01-01,Kansas,2.6
2022-01-01,Kentucky,4.4
2022-01-01,Louisiana,4.3
2022-01-01,Maine,4.1
2022-01-01,Maryland,5.4
2022-01-01,Massachusetts,4.8
2022-01-01,Michigan,4.9
2022-01-01,Minnesota,2.9
2022-01-01,Mississippi,4.6
2022-01-01,Missouri,3.8
2022-01-01,Montana,2.7
2022-01-01,Nebraska,2.2
2022-01-01,Nevada,5.2
2022-01-01,New Hampshire,2.9
2022-01-01,New Jersey,5.1
2022-01-01,New Mexico,5.9
2022-01-01,New York,5.3
2022-01-01,North Carolina,3.9
2022-01-01,North Dakota,3.1
2022-01-01,Ohio,4.3
2022-01-01,Oklahoma,2.7
2022-01-01,Oregon,4.2
2022-01-01,Pennsylvania,5.4
2022-01-01,Rhode Island,4.2
2022-01-01,South Carolina,3.5
2022-01-01,South Dakota,2.8
2022-01-01,Tennessee,3.5
2022-01-01,Texas,4.8
2022-01-01,Utah,2.2
2022-01-01,Vermont,3
2022-01-01,Virginia,3.3
2022-01-01,Washington,4.4
2022-01-01,West Virginia,4.1
2022-01-01,Wisconsin,3
2022-01-01,Wyoming,3.8
2022-01-01,Puerto Rico,7.1
2022-02-01,Alabama,3
2022-02-01,Alaska,5.3
2022-02-01,Arizona,3.6
2022-02-01,Arkansas,3.1
2022-02-01,California,5.3
2022-02-01,Colorado,4
2022-02-01,Connecticut,4.9
2022-02-01,Delaware,4.6
2022-02-01,District of Columbia,6.1
2022-02-01,Florida,3.3
2022-02-01,Georgia,3.2
2022-02-01,Hawaii,4.2
2022-02-01,Idaho,2.8
2022-02-01,Illinois,4.8
2022-02-01,Indiana,2.3
2022-02-01,Iowa,3.5
2022-02-01,Kansas,2.5
2022-02-01,Kentucky,4.2
2022-02-01,Louisiana,4.3
2022-02-01,Maine,4
2022-02-01,Maryland,5
2022-02-01,Massachusetts,4.7
2022-02-01,Michigan,4.7
2022-02-01,Minnesota,2.7
2022-02-01,Mississippi,4.5
2022-02-01,Missouri,3.7
2022-02-01,Montana,2.6
2022-02-01,Nebraska,2.1
2022-02-01,Nevada,5.1
2022-02-01,New Hampshire,2.7
2022-02-01,New Jersey,4.6
2022-02-01,New Mexico,5.6
2022-02-01,New York,4.9
2022-02-01,North Carolina,3.7
2022-02-01,North Dakota,2.9
2022-02-01,Ohio,4.2
2022-02-01,Oklahoma,2.6
2022-02-01,Oregon,4
2022-02-01,Pennsylvania,5.1
2022-02-01,Rhode Island,3.9
2022-02-01,South Carolina,3.5
2022-02-01,South Dakota,2.6
2022-02-01,Tennessee,3.4
2022-02-01,Texas,4.7
2022-02-01,Utah,2.1
2022-02-01,Vermont,2.9
2022-02-01,Virginia,3.2
2022-02-01,Washington,4.3
2022-02-01,West Virginia,3.9
2022-02-01,Wisconsin,2.9
2022-02-01,Wyoming,3.6
2022-02-01,Puerto Rico,6.8
2022-03-01,Alabama,2.9
2022-03-01,Alaska,4.9
2022-03-01,Arizona,3.3
2022-03-01,Arkansas,3.1
2022-03-01,California,4.8
2022-03-01,Colorado,3.7
2022-03-01,Connecticut,4.6
2022-03-01,Delaware,4.5
2022-03-01,District of Columbia,6
2022-03-01,Florida,3.2
2022-03-01,Georgia,3.1
2022-03-01,Hawaii,4.1
2022-03-01,Idaho,2.7
2022-03-01,Illinois,4.7
2022-03-01,Indiana,2.2
2022-03-01,Iowa,3.3
2022-03-01,Kansas,2.4
2022-03-01,Kentucky,4
2022-03-01,Louisiana,4.2
2022-03-01,Maine,3.6
2022-03-01,Maryland,4.6
2022-03-01,Massachusetts,4.3
2022-03-01,Michigan,4.4
2022-03-01,Minnesota,2.5
2022-03-01,Mississippi,4.2
2022-03-01,Missouri,3.6
2022-03-01,Montana,2.3
2022-03-01,Nebraska,2
2022-03-01,Nevada,5
2022-03-01,New Hampshire,2.4
2022-03-01,New Jersey,4.2
2022-03-01,New Mexico,5.3
2022-03-01,New York,4.6
2022-03-01,North Carolina,3.5
2022-03-01,North Dakota,2.9
2022-03-01,Ohio,4.1
2022-03-01,Oklahoma,2.7
2022-03-01,Oregon,3.8
2022-03-01,Pennsylvania,4.9
2022-03-01,Rhode Island,3.4
2022-03-01,South Carolina,3.4
2022-03-01,South Dakota,2.5
2022-03-01,Tennessee,3.2
2022-03-01,Texas,4.4
2022-03-01,Utah,2
2022-03-01,Vermont,2.6
2022-03-01,Virginia,3
2022-03-01,Washington,4.1
2022-03-01,West Virginia,3.7
2022-03-01,Wisconsin,2.8
2022-03-01,Wyoming,3.4
2022-03-01,Puerto Rico,6.5
2022-04-01,Alabama,2.8
2022-04-01,Alaska,4.8
2022-04-01,Arizona,3.2
2022-04-01,Arkansas,3.2
2022-04-01,California,4.6
2022-04-01,Colorado,3.6
2022-04-01,Connecticut,4.4
2022-04-01,Delaware,4.5
2022-04-01,District of Columbia,5.8
2022-04-01,Florida,3
2022-04-01,Georgia,3.1
2022-04-01,Hawaii,4.1
2022-04-01,Idaho,2.6
2022-04-01,Illinois,4.6
2022-04-01,Indiana,2.2
2022-04-01,Iowa,3
2022-04-01,Kansas,2.4
2022-04-01,Kentucky,3.9
2022-04-01,Louisiana,4.1
2022-04-01,Maine,3.3
2022-04-01,Maryland,4.2
2022-04-01,Massachusetts,4.1
2022-04-01,Michigan,4.3
2022-04-01,Minnesota,2.2
2022-04-01,Mississippi,4.1
2022-04-01,Missouri,3.4
2022-04-01,Montana,2.3
2022-04-01,Nebraska,1.9
2022-04-01,Nevada,5
2022-04-01,New Hampshire,2.3
2022-04-01,New Jersey,4.1
2022-04-01,New Mexico,5.3
2022-04-01,New York,4.5
2022-04-01,North Carolina,3.4
2022-04-01,North Dakota,2.8
2022-04-01,Ohio,4
2022-04-01,Oklahoma,2.7
2022-04-01,Oregon,3.7
2022-04-01,Pennsylvania,4.8
2022-04-01,Rhode Island,3.2
2022-04-01,South Carolina,3.3
2022-04-01,South Dakota,2.3
2022-04-01,Tennessee,3.2
2022-04-01,Texas,4.3
2022-04-01,Utah,1.9
2022-04-01,Vermont,2.5
2022-04-01,Virginia,3
2022-04-01,Washington,4.1
2022-04-01,West Virginia,3.6
2022-04-01,Wisconsin,2.8
2022-04-01,Wyoming,3.3
2022-04-01,Puerto Rico,6.4
2022-05-01,Alabama,2.7
2022-05-01,Alaska,4.6
2022-05-01,Arizona,3.2
2022-05-01,Arkansas,3.2
2022-05-01,California,4.3
2022-05-01,Colorado,3.5
2022-05-01,Connecticut,4.2
2022-05-01,Delaware,4.5
2022-05-01,District of Columbia,5.7
2022-05-01,Florida,2.9
2022-05-01,Georgia,3
2022-05-01,Hawaii,4.1
2022-05-01,Idaho,2.5
2022-05-01,Illinois,4.6
2022-05-01,Indiana,2.2
2022-05-01,Iowa,2.7
2022-05-01,Kansas,2.3
2022-05-01,Kentucky,3.8
2022-05-01,Louisiana,4
2022-05-01,Maine,3.2
2022-05-01,Maryland,4
2022-05-01,Massachusetts,3.9
2022-05-01,Michigan,4.3
2022-05-01,Minnesota,2
2022-05-01,Mississippi,3.9
2022-05-01,Missouri,3.1
2022-05-01,Montana,2.4
2022-05-01,Nebraska,1.9
2022-05-01,Nevada,4.9
2022-05-01,New Hampshire,2.1
2022-05-01,New Jersey,3.9
2022-05-01,New Mexico,5.1
2022-05-01,New York,4.4
2022-05-01,North Carolina,3.4
2022-05-01,North Dakota,2.6
2022-05-01,Ohio,3.9
2022-05-01,Oklahoma,2.8
2022-05-01,Oregon,3.5
2022-05-01,Pennsylvania,4.6
2022-05-01,Rhode Island,2.9
2022-05-01,South Carolina,3.3
2022-05-01,South Dakota,2.3
2022-05-01,Tennessee,3.3
2022-05-01,Texas,4.2
2022-05-01,Utah,2
2022-05-01,Vermont,2.3
2022-05-01,Virginia,3
2022-05-01,Washington,3.9
2022-05-01,West Virginia,3.5
2022-05-01,Wisconsin,2.9
2022-05-01,Wyoming,3.2
2022-05-01,Puerto Rico,6.2
2022-06-01,Alabama,2.6
2022-06-01,Alaska,4.6
2022-06-01,Arizona,3.3
2022-06-01,Arkansas,3.2
2022-06-01,California,4.2
2022-06-01,Colorado,3.4
2022-06-01,Connecticut,4
2022-06-01,Delaware,4.5
2022-06-01,District of Columbia,5.5
2022-06-01,Florida,2.8
2022-06-01,Georgia,2.9
2022-06-01,Hawaii,4.2
2022-06-01,Idaho,2.5
2022-06-01,Illinois,4.5
2022-06-01,Indiana,2.4
2022-06-01,Iowa,2.6
2022-06-01,Kansas,2.4
2022-06-01,Kentucky,3.7
2022-06-01,Louisiana,3.8
2022-06-01,Maine,3
2022-06-01,Maryland,4
2022-06-01,Massachusetts,3.7
2022-06-01,Michigan,4.3
2022-06-01,Minnesota,1.8
2022-06-01,Mississippi,3.8
2022-06-01,Missouri,2.8
2022-06-01,Montana,2.6
2022-06-01,Nebraska,1.9
2022-06-01,Nevada,4.7
2022-06-01,New Hampshire,2
2022-06-01,New Jersey,3.9
2022-06-01,New Mexico,4.9
2022-06-01,New York,4.4
2022-06-01,North Carolina,3.4
2022-06-01,North Dakota,2.5
2022-06-01,Ohio,3.9
2022-06-01,Oklahoma,2.9
2022-06-01,Oregon,3.5
2022-06-01,Pennsylvania,4.5
2022-06-01,Rhode Island,2.7
2022-06-01,South Carolina,3.2
2022-06-01,South Dakota,2.3
2022-06-01,Tennessee,3.3
2022-06-01,Texas,4.1
2022-06-01,Utah,2
2022-06-01,Vermont,2.2
2022-06-01,Virginia,2.8
2022-06-01,Washington,3.8
2022-06-01,West Virginia,3.6
2022-06-01,Wisconsin,2.9
2022-06-01,Wyoming,3.1
2022-06-01,Puerto Rico,6.1
2022-07-01,Alabama,2.6
2022-07-01,Alaska,4.5
2022-07-01,Arizona,3.3
2022-07-01,Arkansas,3.3
2022-07-01,California,3.9
2022-07-01,Colorado,3.3
2022-07-01,Connecticut,3.7
2022-07-01,Delaware,4.4
2022-07-01,District of Columbia,5.2
2022-07-01,Florida,2.7
2022-07-01,Georgia,2.8
2022-07-01,Hawaii,4
2022-07-01,Idaho,2.6
2022-07-01,Illinois,4.4
2022-07-01,Indiana,2.6
2022-07-01,Iowa,2.5
2022-07-01,Kansas,2.4
2022-07-01,Kentucky,3.7
2022-07-01,Louisiana,3.7
2022-07-01,Maine,2.8
2022-07-01,Maryland,3.9
2022-07-01,Massachusetts,3.5
2022-07-01,Michigan,4.2
2022-07-01,Minnesota,1.8
2022-07-01,Mississippi,3.6
2022-07-01,Missouri,2.5
2022-07-01,Montana,2.7
2022-07-01,Nebraska,2
2022-07-01,Nevada,4.4
2022-07-01,New Hampshire,2
2022-07-01,New Jersey,3.7
2022-07-01,New Mexico,4.5
2022-07-01,New York,4.3
2022-07-01,North Carolina,3.4
2022-07-01,North Dakota,2.3
2022-07-01,Ohio,3.9
2022-07-01,Oklahoma,2.9
2022-07-01,Oregon,3.5
2022-07-01,Pennsylvania,4.3
2022-07-01,Rhode Island,2.7
2022-07-01,South Carolina,3.2
2022-07-01,South Dakota,2.3
2022-07-01,Tennessee,3.3
2022-07-01,Texas,4
2022-07-01,Utah,2
2022-07-01,Vermont,2.1
2022-07-01,Virginia,2.7
2022-07-01,Washington,3.7
2022-07-01,West Virginia,3.7
2022-07-01,Wisconsin,3
2022-07-01,Wyoming,3
2022-07-01,Puerto Rico,5.9
2022-08-01,Alabama,2.6
2022-08-01,Alaska,4.6
2022-08-01,Arizona,3.5
2022-08-01,Arkansas,3.4
2022-08-01,California,4.1
2022-08-01,Colorado,3.4
2022-08-01,Connecticut,4.1
2022-08-01,Delaware,4.5
2022-08-01,District of Columbia,5.1
2022-08-01,Florida,2.7
2022-08-01,Georgia,2.8
2022-08-01,Hawaii,4
2022-08-01,Idaho,2.7
2022-08-01,Illinois,4.5
2022-08-01,Indiana,2.8
2022-08-01,Iowa,2.6
2022-08-01,Kansas,2.5
2022-08-01,Kentucky,3.8
2022-08-01,Louisiana,3.5
2022-08-01,Maine,3.1
2022-08-01,Maryland,4.3
2022-08-01,Massachusetts,3.6
2022-08-01,Michigan,4.1
2022-08-01,Minnesota,1.9
2022-08-01,Mississippi,3.6
2022-08-01,Missouri,2.5
2022-08-01,Montana,2.8
2022-08-01,Nebraska,2.1
2022-08-01,Nevada,4.4
2022-08-01,New Hampshire,2
2022-08-01,New Jersey,4
2022-08-01,New Mexico,4.4
2022-08-01,New York,4.7
2022-08-01,North Carolina,3.5
2022-08-01,North Dakota,2.3
2022-08-01,Ohio,4
2022-08-01,Oklahoma,3.1
2022-08-01,Oregon,3.7
2022-08-01,Pennsylvania,4.2
2022-08-01,Rhode Island,2.8
2022-08-01,South Carolina,3.1
2022-08-01,South Dakota,2.3
2022-08-01,Tennessee,3.4
2022-08-01,Texas,4.1
2022-08-01,Utah,2
2022-08-01,Vermont,2.1
2022-08-01,Virginia,2.6
2022-08-01,Washington,3.7
2022-08-01,West Virginia,3.9
2022-08-01,Wisconsin,3.1
2022-08-01,Wyoming,3.1
2022-08-01,Puerto Rico,5.8
2022-09-01,Alabama,2.6
2022-09-01,Alaska,4.4
2022-09-01,Arizona,3.7
2022-09-01,Arkansas,3.5
2022-09-01,California,3.9
2022-09-01,Colorado,3.4
2022-09-01,Connecticut,4
2022-09-01,Delaware,4.3
2022-09-01,District of Columbia,4.7
2022-09-01,Florida,2.5
2022-09-01,Georgia,2.8
2022-09-01,Hawaii,3.5
2022-09-01,Idaho,2.8
2022-09-01,Illinois,4.5
2022-09-01,Indiana,2.8
2022-09-01,Iowa,2.7
2022-09-01,Kansas,2.6
2022-09-01,Kentucky,3.8
2022-09-01,Louisiana,3.4
2022-09-01,Maine,3.3
2022-09-01,Maryland,4
2022-09-01,Massachusetts,3.4
2022-09-01,Michigan,4.1
2022-09-01,Minnesota,2
2022-09-01,Mississippi,3.6
2022-09-01,Missouri,2.4
2022-09-01,Montana,2.9
2022-09-01,Nebraska,2.2
2022-09-01,Nevada,4.4
2022-09-01,New Hampshire,2.2
2022-09-01,New Jersey,3.3
2022-09-01,New Mexico,4.2
2022-09-01,New York,4.3
2022-09-01,North Carolina,3.6
2022-09-01,North Dakota,2.2
2022-09-01,Ohio,4
2022-09-01,Oklahoma,3.2
2022-09-01,Oregon,3.8
2022-09-01,Pennsylvania,4.1
2022-09-01,Rhode Island,3.1
2022-09-01,South Carolina,3.2
2022-09-01,South Dakota,2.3
2022-09-01,Tennessee,3.4
2022-09-01,Texas,4
2022-09-01,Utah,2.1
2022-09-01,Vermont,2.1
2022-09-01,Virginia,2.6
2022-09-01,Washington,3.7
2022-09-01,West Virginia,4
2022-09-01,Wisconsin,3.2
2022-09-01,Wyoming,3.3
2022-09-01,Puerto Rico,0